application_id,user_id,Job_id,event_id,application_status,applied_at,updated_at
1,1,4,14,pending,14-02-2026 11:31,05-05-2026 11:31
2,2,24,24,rejected,15-02-2026 11:31,06-05-2026 11:31
3,3,32,32,pending,16-02-2026 11:31,07-05-2026 11:31
4,4,11,11,rejected,17-02-2026 11:31,08-05-2026 11:31
5,5,31,31,rejected,18-02-2026 11:31,09-05-2026 11:31
6,6,29,29,pending,19-02-2026 11:31,10-05-2026 11:31
7,7,5,5,rejected,20-02-2026 11:31,11-05-2026 11:31
8,8,27,27,pending,21-02-2026 11:31,12-05-2026 11:31
9,9,22,22,approved,22-02-2026 11:31,13-05-2026 11:31
10,10,21,21,approved,23-02-2026 11:31,14-05-2026 11:31
11,11,14,14,approved,24-02-2026 11:31,15-05-2026 11:31
12,12,47,47,approved,25-02-2026 11:31,16-05-2026 11:31
13,13,30,30,approved,26-02-2026 11:31,17-05-2026 11:31
14,14,34,34,approved,27-02-2026 11:31,18-05-2026 11:31
15,15,1,1,approved,28-02-2026 11:31,19-05-2026 11:31
16,16,16,16,pending,01-03-2026 11:31,20-05-2026 11:31
17,17,18,18,rejected,02-03-2026 11:31,21-05-2026 11:31
18,18,43,43,approved,03-03-2026 11:31,22-05-2026 11:31
19,19,28,28,pending,04-03-2026 11:31,23-05-2026 11:31
20,20,48,48,approved,05-03-2026 11:31,24-05-2026 11:31
21,21,29,29,rejected,06-03-2026 11:31,25-05-2026 11:31
22,22,11,11,approved,07-03-2026 11:31,26-05-2026 11:31
23,23,5,5,rejected,08-03-2026 11:31,27-05-2026 11:31
24,24,18,18,approved,09-03-2026 11:31,28-05-2026 11:31
25,25,15,15,pending,10-03-2026 11:31,29-05-2026 11:31
26,26,26,26,approved,11-03-2026 11:31,30-05-2026 11:31
27,27,15,15,approved,12-03-2026 11:31,31-05-2026 11:31
28,28,39,39,pending,13-03-2026 11:31,01-06-2026 11:31
29,29,9,9,pending,14-03-2026 11:31,02-06-2026 11:31
30,30,2,2,rejected,15-03-2026 11:31,03-06-2026 11:31
31,31,47,47,rejected,16-03-2026 11:31,04-06-2026 11:31
32,32,42,42,rejected,17-03-2026 11:31,05-06-2026 11:31
33,33,19,19,rejected,18-03-2026 11:31,06-06-2026 11:31
34,34,9,9,pending,19-03-2026 11:31,07-06-2026 11:31
35,35,37,37,rejected,20-03-2026 11:31,08-06-2026 11:31
36,36,5,5,rejected,21-03-2026 11:31,09-06-2026 11:31
37,37,30,30,rejected,22-03-2026 11:31,10-06-2026 11:31
38,38,36,36,pending,23-03-2026 11:31,11-06-2026 11:31
39,39,20,20,rejected,24-03-2026 11:31,12-06-2026 11:31
40,40,47,47,pending,25-03-2026 11:31,13-06-2026 11:31
41,41,34,34,approved,26-03-2026 11:31,14-06-2026 11:31
42,42,8,8,pending,27-03-2026 11:31,15-06-2026 11:31
43,43,27,27,rejected,28-03-2026 11:31,16-06-2026 11:31
44,44,38,38,rejected,29-03-2026 11:31,17-06-2026 11:31
45,45,17,17,approved,30-03-2026 11:31,18-06-2026 11:31
46,46,5,5,pending,31-03-2026 11:31,19-06-2026 11:31
47,47,24,24,rejected,01-04-2026 11:31,20-06-2026 11:31
48,48,48,48,approved,02-04-2026 11:31,21-06-2026 11:31
49,49,4,4,rejected,03-04-2026 11:31,22-06-2026 11:31
50,50,18,18,rejected,04-04-2026 11:31,23-06-2026 11:31
51,51,8,8,approved,05-04-2026 11:31,24-06-2026 11:31
52,52,34,34,approved,06-04-2026 11:31,25-06-2026 11:31
53,53,4,4,rejected,07-04-2026 11:31,26-06-2026 11:31
54,54,23,23,pending,08-04-2026 11:31,27-06-2026 11:31
55,55,49,49,rejected,09-04-2026 11:31,28-06-2026 11:31
56,56,17,17,rejected,10-04-2026 11:31,29-06-2026 11:31
57,57,25,25,rejected,11-04-2026 11:31,30-06-2026 11:31
58,58,41,41,approved,12-04-2026 11:31,01-07-2026 11:31
59,59,50,50,rejected,13-04-2026 11:31,02-07-2026 11:31
60,60,11,11,approved,14-04-2026 11:31,03-07-2026 11:31
61,61,42,42,approved,15-04-2026 11:31,04-07-2026 11:31
62,62,48,48,rejected,16-04-2026 11:31,05-07-2026 11:31
63,63,35,35,approved,17-04-2026 11:31,06-07-2026 11:31
64,64,49,49,approved,18-04-2026 11:31,07-07-2026 11:31
65,65,14,14,approved,19-04-2026 11:31,08-07-2026 11:31
66,66,4,4,pending,20-04-2026 11:31,09-07-2026 11:31
67,67,44,44,rejected,21-04-2026 11:31,10-07-2026 11:31
68,68,3,3,rejected,22-04-2026 11:31,11-07-2026 11:31
69,69,8,8,pending,23-04-2026 11:31,12-07-2026 11:31
70,70,38,38,rejected,24-04-2026 11:31,13-07-2026 11:31
71,71,28,28,pending,25-04-2026 11:31,14-07-2026 11:31
72,72,38,38,pending,26-04-2026 11:31,15-07-2026 11:31
73,73,38,38,pending,27-04-2026 11:31,16-07-2026 11:31
74,74,23,23,rejected,28-04-2026 11:31,17-07-2026 11:31
75,75,40,40,approved,29-04-2026 11:31,18-07-2026 11:31
76,76,9,9,rejected,30-04-2026 11:31,19-07-2026 11:31
77,77,9,9,rejected,01-05-2026 11:31,20-07-2026 11:31
78,78,35,35,pending,02-05-2026 11:31,21-07-2026 11:31
79,79,29,29,rejected,03-05-2026 11:31,22-07-2026 11:31
80,80,18,18,rejected,04-05-2026 11:31,23-07-2026 11:31
81,81,22,22,approved,05-05-2026 11:31,24-07-2026 11:31
82,82,26,26,rejected,06-05-2026 11:31,25-07-2026 11:31
83,83,40,40,rejected,07-05-2026 11:31,26-07-2026 11:31
84,84,38,38,pending,08-05-2026 11:31,27-07-2026 11:31
85,85,25,25,approved,09-05-2026 11:31,28-07-2026 11:31
86,86,43,43,approved,10-05-2026 11:31,29-07-2026 11:31
87,87,3,3,pending,11-05-2026 11:31,30-07-2026 11:31
88,88,43,43,pending,12-05-2026 11:31,31-07-2026 11:31
89,89,36,36,rejected,13-05-2026 11:31,01-08-2026 11:31
90,90,30,30,approved,14-05-2026 11:31,02-08-2026 11:31
91,91,7,7,rejected,15-05-2026 11:31,03-08-2026 11:31
92,92,22,22,rejected,16-05-2026 11:31,04-08-2026 11:31
93,93,44,44,approved,17-05-2026 11:31,05-08-2026 11:31
94,94,11,11,rejected,18-05-2026 11:31,06-08-2026 11:31
95,95,11,11,rejected,19-05-2026 11:31,07-08-2026 11:31
96,96,29,29,pending,20-05-2026 11:31,08-08-2026 11:31
97,97,23,23,pending,21-05-2026 11:31,09-08-2026 11:31
98,98,35,35,approved,22-05-2026 11:31,10-08-2026 11:31
99,99,23,23,pending,23-05-2026 11:31,11-08-2026 11:31
100,100,44,44,pending,24-05-2026 11:31,12-08-2026 11:31
101,101,45,45,pending,25-05-2026 11:31,13-08-2026 11:31
102,102,30,30,approved,26-05-2026 11:31,14-08-2026 11:31
103,103,11,11,approved,27-05-2026 11:31,15-08-2026 11:31
104,104,41,41,rejected,28-05-2026 11:31,16-08-2026 11:31
105,105,21,21,approved,29-05-2026 11:31,17-08-2026 11:31
106,106,37,37,approved,30-05-2026 11:31,18-08-2026 11:31
107,107,35,35,rejected,31-05-2026 11:31,19-08-2026 11:31
108,108,47,47,pending,01-06-2026 11:31,20-08-2026 11:31
109,109,26,26,rejected,02-06-2026 11:31,21-08-2026 11:31
110,110,4,4,approved,03-06-2026 11:31,22-08-2026 11:31
111,111,3,3,pending,04-06-2026 11:31,23-08-2026 11:31
112,112,39,39,approved,05-06-2026 11:31,24-08-2026 11:31
113,113,24,24,rejected,06-06-2026 11:31,25-08-2026 11:31
114,114,28,28,pending,07-06-2026 11:31,26-08-2026 11:31
115,115,10,10,approved,08-06-2026 11:31,27-08-2026 11:31
116,116,15,15,rejected,09-06-2026 11:31,28-08-2026 11:31
117,117,18,18,rejected,10-06-2026 11:31,29-08-2026 11:31
118,118,27,27,pending,11-06-2026 11:31,30-08-2026 11:31
119,119,41,41,pending,12-06-2026 11:31,31-08-2026 11:31
120,120,43,43,rejected,13-06-2026 11:31,01-09-2026 11:31
121,121,18,18,pending,14-06-2026 11:31,02-09-2026 11:31
122,122,23,23,rejected,15-06-2026 11:31,03-09-2026 11:31
123,123,41,41,rejected,16-06-2026 11:31,04-09-2026 11:31
124,124,45,45,approved,17-06-2026 11:31,05-09-2026 11:31
125,125,40,40,rejected,18-06-2026 11:31,06-09-2026 11:31
126,126,35,35,rejected,19-06-2026 11:31,07-09-2026 11:31
127,127,17,17,approved,20-06-2026 11:31,08-09-2026 11:31
128,128,6,6,rejected,21-06-2026 11:31,09-09-2026 11:31
129,129,14,14,rejected,22-06-2026 11:31,10-09-2026 11:31
130,130,33,33,approved,23-06-2026 11:31,11-09-2026 11:31
131,131,40,40,rejected,24-06-2026 11:31,12-09-2026 11:31
132,132,10,10,approved,25-06-2026 11:31,13-09-2026 11:31
133,133,36,36,pending,26-06-2026 11:31,14-09-2026 11:31
134,134,46,46,approved,27-06-2026 11:31,15-09-2026 11:31
135,135,32,32,pending,28-06-2026 11:31,16-09-2026 11:31
136,136,15,15,approved,29-06-2026 11:31,17-09-2026 11:31
137,137,15,15,pending,30-06-2026 11:31,18-09-2026 11:31
138,138,39,39,pending,01-07-2026 11:31,19-09-2026 11:31
139,139,28,28,approved,02-07-2026 11:31,20-09-2026 11:31
140,140,42,42,pending,03-07-2026 11:31,21-09-2026 11:31
141,141,31,31,pending,04-07-2026 11:31,22-09-2026 11:31
142,142,4,4,rejected,05-07-2026 11:31,23-09-2026 11:31
143,143,46,46,approved,06-07-2026 11:31,24-09-2026 11:31
144,144,2,2,approved,07-07-2026 11:31,25-09-2026 11:31
145,145,27,27,approved,08-07-2026 11:31,26-09-2026 11:31
146,146,24,24,approved,09-07-2026 11:31,27-09-2026 11:31
147,147,33,33,pending,10-07-2026 11:31,28-09-2026 11:31
148,148,3,3,rejected,11-07-2026 11:31,29-09-2026 11:31
149,149,29,29,rejected,12-07-2026 11:31,30-09-2026 11:31
150,150,3,3,pending,13-07-2026 11:31,01-10-2026 11:31
151,151,47,47,pending,14-07-2026 11:31,02-10-2026 11:31
152,152,11,11,rejected,15-07-2026 11:31,03-10-2026 11:31
153,153,33,33,rejected,16-07-2026 11:31,04-10-2026 11:31
154,154,5,5,pending,17-07-2026 11:31,05-10-2026 11:31
155,155,10,10,pending,18-07-2026 11:31,06-10-2026 11:31
156,156,17,17,pending,19-07-2026 11:31,07-10-2026 11:31
157,157,16,16,rejected,20-07-2026 11:31,08-10-2026 11:31
158,158,7,7,pending,21-07-2026 11:31,09-10-2026 11:31
159,159,27,27,approved,22-07-2026 11:31,10-10-2026 11:31
160,160,30,30,pending,23-07-2026 11:31,11-10-2026 11:31
161,161,44,44,approved,24-07-2026 11:31,12-10-2026 11:31
162,162,46,46,pending,25-07-2026 11:31,13-10-2026 11:31
163,163,16,16,pending,26-07-2026 11:31,14-10-2026 11:31
164,164,48,48,pending,27-07-2026 11:31,15-10-2026 11:31
165,165,28,28,pending,28-07-2026 11:31,16-10-2026 11:31
166,166,5,5,pending,29-07-2026 11:31,17-10-2026 11:31
167,167,32,32,approved,30-07-2026 11:31,18-10-2026 11:31
168,168,43,43,pending,31-07-2026 11:31,19-10-2026 11:31
169,169,43,43,rejected,01-08-2026 11:31,20-10-2026 11:31
170,170,49,49,pending,02-08-2026 11:31,21-10-2026 11:31
171,171,45,45,rejected,03-08-2026 11:31,22-10-2026 11:31
172,172,20,20,approved,04-08-2026 11:31,23-10-2026 11:31
173,173,8,8,pending,05-08-2026 11:31,24-10-2026 11:31
174,174,11,11,pending,06-08-2026 11:31,25-10-2026 11:31
175,175,11,11,approved,07-08-2026 11:31,26-10-2026 11:31
176,176,14,14,rejected,08-08-2026 11:31,27-10-2026 11:31
177,177,47,47,approved,09-08-2026 11:31,28-10-2026 11:31
178,178,45,45,pending,10-08-2026 11:31,29-10-2026 11:31
179,179,46,46,approved,11-08-2026 11:31,30-10-2026 11:31
180,180,1,1,rejected,12-08-2026 11:31,31-10-2026 11:31
181,181,12,12,approved,13-08-2026 11:31,01-11-2026 11:31
182,182,2,2,pending,14-08-2026 11:31,02-11-2026 11:31
183,183,26,26,pending,15-08-2026 11:31,03-11-2026 11:31
184,184,49,49,pending,16-08-2026 11:31,04-11-2026 11:31
185,185,49,49,pending,17-08-2026 11:31,05-11-2026 11:31
186,186,20,20,rejected,18-08-2026 11:31,06-11-2026 11:31
187,187,23,23,rejected,19-08-2026 11:31,07-11-2026 11:31
188,188,9,9,approved,20-08-2026 11:31,08-11-2026 11:31
189,189,21,21,rejected,21-08-2026 11:31,09-11-2026 11:31
190,190,17,17,pending,22-08-2026 11:31,10-11-2026 11:31
191,191,29,29,rejected,23-08-2026 11:31,11-11-2026 11:31
192,192,21,21,rejected,24-08-2026 11:31,12-11-2026 11:31
193,193,4,4,pending,25-08-2026 11:31,13-11-2026 11:31
194,194,34,34,rejected,26-08-2026 11:31,14-11-2026 11:31
195,195,1,1,approved,27-08-2026 11:31,15-11-2026 11:31
196,196,39,39,rejected,28-08-2026 11:31,16-11-2026 11:31
197,197,11,11,rejected,29-08-2026 11:31,17-11-2026 11:31
198,198,23,23,rejected,30-08-2026 11:31,18-11-2026 11:31
199,199,43,43,approved,31-08-2026 11:31,19-11-2026 11:31
200,200,3,3,rejected,01-09-2026 11:31,20-11-2026 11:31
201,201,18,18,rejected,02-09-2026 11:31,21-11-2026 11:31
202,202,3,3,approved,03-09-2026 11:31,22-11-2026 11:31
203,203,48,48,rejected,04-09-2026 11:31,23-11-2026 11:31
204,204,13,13,pending,05-09-2026 11:31,24-11-2026 11:31
205,205,31,31,approved,06-09-2026 11:31,25-11-2026 11:31
206,206,46,46,approved,07-09-2026 11:31,26-11-2026 11:31
207,207,37,37,rejected,08-09-2026 11:31,27-11-2026 11:31
208,208,45,45,rejected,09-09-2026 11:31,28-11-2026 11:31
209,209,1,1,pending,10-09-2026 11:31,29-11-2026 11:31
210,210,30,30,approved,11-09-2026 11:31,30-11-2026 11:31
211,211,1,1,pending,12-09-2026 11:31,01-12-2026 11:31
212,212,46,46,pending,13-09-2026 11:31,02-12-2026 11:31
213,213,26,26,pending,14-09-2026 11:31,03-12-2026 11:31
214,214,39,39,pending,15-09-2026 11:31,04-12-2026 11:31
215,215,24,24,pending,16-09-2026 11:31,05-12-2026 11:31
216,216,22,22,pending,17-09-2026 11:31,06-12-2026 11:31
217,217,15,15,pending,18-09-2026 11:31,07-12-2026 11:31
218,218,3,3,approved,19-09-2026 11:31,08-12-2026 11:31
219,219,8,8,rejected,20-09-2026 11:31,09-12-2026 11:31
220,220,15,15,approved,21-09-2026 11:31,10-12-2026 11:31
221,221,40,40,approved,22-09-2026 11:31,11-12-2026 11:31
222,222,21,21,rejected,23-09-2026 11:31,12-12-2026 11:31
223,223,47,47,approved,24-09-2026 11:31,13-12-2026 11:31
224,224,31,31,approved,25-09-2026 11:31,14-12-2026 11:31
225,225,28,28,rejected,26-09-2026 11:31,15-12-2026 11:31
226,226,26,26,pending,27-09-2026 11:31,16-12-2026 11:31
227,227,36,36,rejected,28-09-2026 11:31,17-12-2026 11:31
228,228,46,46,pending,29-09-2026 11:31,18-12-2026 11:31
229,229,37,37,pending,30-09-2026 11:31,19-12-2026 11:31
230,230,32,32,pending,01-10-2026 11:31,20-12-2026 11:31
231,231,21,21,approved,02-10-2026 11:31,21-12-2026 11:31
232,232,24,24,pending,03-10-2026 11:31,22-12-2026 11:31
233,233,17,17,rejected,04-10-2026 11:31,23-12-2026 11:31
234,234,35,35,rejected,05-10-2026 11:31,24-12-2026 11:31
235,235,39,39,pending,06-10-2026 11:31,25-12-2026 11:31
236,236,7,7,approved,07-10-2026 11:31,26-12-2026 11:31
237,237,26,26,rejected,08-10-2026 11:31,27-12-2026 11:31
238,238,39,39,rejected,09-10-2026 11:31,28-12-2026 11:31
239,239,6,6,rejected,10-10-2026 11:31,29-12-2026 11:31
240,240,14,14,pending,11-10-2026 11:31,30-12-2026 11:31
241,241,36,36,pending,12-10-2026 11:31,31-12-2026 11:31
242,242,6,6,rejected,13-10-2026 11:31,01-01-2027 11:31
243,243,34,34,pending,14-10-2026 11:31,02-01-2027 11:31
244,244,48,48,approved,15-10-2026 11:31,03-01-2027 11:31
245,245,49,49,rejected,16-10-2026 11:31,04-01-2027 11:31
246,246,39,39,approved,17-10-2026 11:31,05-01-2027 11:31
247,247,9,9,rejected,18-10-2026 11:31,06-01-2027 11:31
248,248,35,35,pending,19-10-2026 11:31,07-01-2027 11:31
249,249,32,32,rejected,20-10-2026 11:31,08-01-2027 11:31
250,250,36,36,approved,21-10-2026 11:31,09-01-2027 11:31
251,251,36,36,rejected,22-10-2026 11:31,10-01-2027 11:31
252,252,25,25,rejected,23-10-2026 11:31,11-01-2027 11:31
253,253,15,15,pending,24-10-2026 11:31,12-01-2027 11:31
254,254,35,35,pending,25-10-2026 11:31,13-01-2027 11:31
255,255,18,18,approved,26-10-2026 11:31,14-01-2027 11:31
256,256,30,30,approved,27-10-2026 11:31,15-01-2027 11:31
257,257,19,19,approved,28-10-2026 11:31,16-01-2027 11:31
258,258,28,28,rejected,29-10-2026 11:31,17-01-2027 11:31
259,259,38,38,rejected,30-10-2026 11:31,18-01-2027 11:31
260,260,7,7,rejected,31-10-2026 11:31,19-01-2027 11:31
261,261,12,12,pending,01-11-2026 11:31,20-01-2027 11:31
262,262,14,14,rejected,02-11-2026 11:31,21-01-2027 11:31
263,263,36,36,rejected,03-11-2026 11:31,22-01-2027 11:31
264,264,41,41,rejected,04-11-2026 11:31,23-01-2027 11:31
265,265,15,15,approved,05-11-2026 11:31,24-01-2027 11:31
266,266,38,38,approved,06-11-2026 11:31,25-01-2027 11:31
267,267,49,49,approved,07-11-2026 11:31,26-01-2027 11:31
268,268,41,41,rejected,08-11-2026 11:31,27-01-2027 11:31
269,269,41,41,approved,09-11-2026 11:31,28-01-2027 11:31
270,270,26,26,approved,10-11-2026 11:31,29-01-2027 11:31
271,271,47,47,approved,11-11-2026 11:31,30-01-2027 11:31
272,272,32,32,approved,12-11-2026 11:31,31-01-2027 11:31
273,273,42,42,pending,13-11-2026 11:31,01-02-2027 11:31
274,274,4,4,approved,14-11-2026 11:31,02-02-2027 11:31
275,275,36,36,rejected,15-11-2026 11:31,03-02-2027 11:31
276,276,14,14,rejected,16-11-2026 11:31,04-02-2027 11:31
277,277,14,14,pending,17-11-2026 11:31,05-02-2027 11:31
278,278,42,42,rejected,18-11-2026 11:31,06-02-2027 11:31
279,279,35,35,rejected,19-11-2026 11:31,07-02-2027 11:31
280,280,25,25,approved,20-11-2026 11:31,08-02-2027 11:31
281,281,48,48,pending,21-11-2026 11:31,09-02-2027 11:31
282,282,9,9,pending,22-11-2026 11:31,10-02-2027 11:31
283,283,28,28,approved,23-11-2026 11:31,11-02-2027 11:31
284,284,39,39,approved,24-11-2026 11:31,12-02-2027 11:31
285,285,35,35,approved,25-11-2026 11:31,13-02-2027 11:31
286,286,29,29,pending,26-11-2026 11:31,14-02-2027 11:31
287,287,35,35,pending,27-11-2026 11:31,15-02-2027 11:31
288,288,48,48,pending,28-11-2026 11:31,16-02-2027 11:31
289,289,32,32,pending,29-11-2026 11:31,17-02-2027 11:31
290,290,22,22,rejected,30-11-2026 11:31,18-02-2027 11:31
291,291,13,13,pending,01-12-2026 11:31,19-02-2027 11:31
292,292,8,8,approved,02-12-2026 11:31,20-02-2027 11:31
293,293,16,16,rejected,03-12-2026 11:31,21-02-2027 11:31
294,294,12,12,rejected,04-12-2026 11:31,22-02-2027 11:31
295,295,25,25,rejected,05-12-2026 11:31,23-02-2027 11:31
296,296,9,9,approved,06-12-2026 11:31,24-02-2027 11:31
297,297,7,7,approved,07-12-2026 11:31,25-02-2027 11:31
298,298,37,37,pending,08-12-2026 11:31,26-02-2027 11:31
299,299,25,25,pending,09-12-2026 11:31,27-02-2027 11:31
300,300,2,2,pending,10-12-2026 11:31,28-02-2027 11:31
301,301,35,35,rejected,11-12-2026 11:31,01-03-2027 11:31
302,302,40,40,approved,12-12-2026 11:31,02-03-2027 11:31
303,303,46,46,approved,13-12-2026 11:31,03-03-2027 11:31
304,304,28,28,rejected,14-12-2026 11:31,04-03-2027 11:31
305,305,37,37,rejected,15-12-2026 11:31,05-03-2027 11:31
306,306,23,23,pending,16-12-2026 11:31,06-03-2027 11:31
307,307,15,15,pending,17-12-2026 11:31,07-03-2027 11:31
308,308,42,42,rejected,18-12-2026 11:31,08-03-2027 11:31
309,309,34,34,rejected,19-12-2026 11:31,09-03-2027 11:31
310,310,21,21,pending,20-12-2026 11:31,10-03-2027 11:31
311,311,45,45,pending,21-12-2026 11:31,11-03-2027 11:31
312,312,30,30,rejected,22-12-2026 11:31,12-03-2027 11:31
313,313,9,9,approved,23-12-2026 11:31,13-03-2027 11:31
314,314,9,9,pending,24-12-2026 11:31,14-03-2027 11:31
315,315,49,49,pending,25-12-2026 11:31,15-03-2027 11:31
316,316,27,27,rejected,26-12-2026 11:31,16-03-2027 11:31
317,317,47,47,rejected,27-12-2026 11:31,17-03-2027 11:31
318,318,8,8,approved,28-12-2026 11:31,18-03-2027 11:31
319,319,41,41,approved,29-12-2026 11:31,19-03-2027 11:31
320,320,2,2,pending,30-12-2026 11:31,20-03-2027 11:31
321,321,18,18,rejected,31-12-2026 11:31,21-03-2027 11:31
322,322,32,32,rejected,01-01-2027 11:31,22-03-2027 11:31
323,323,40,40,approved,02-01-2027 11:31,23-03-2027 11:31
324,324,41,41,rejected,03-01-2027 11:31,24-03-2027 11:31
325,325,37,37,pending,04-01-2027 11:31,25-03-2027 11:31
326,326,9,9,approved,05-01-2027 11:31,26-03-2027 11:31
327,327,5,5,rejected,06-01-2027 11:31,27-03-2027 11:31
328,328,37,37,approved,07-01-2027 11:31,28-03-2027 11:31
329,329,31,31,rejected,08-01-2027 11:31,29-03-2027 11:31
330,330,28,28,pending,09-01-2027 11:31,30-03-2027 11:31
331,331,32,32,approved,10-01-2027 11:31,31-03-2027 11:31
332,332,17,17,pending,11-01-2027 11:31,01-04-2027 11:31
333,333,6,6,pending,12-01-2027 11:31,02-04-2027 11:31
334,334,50,50,rejected,13-01-2027 11:31,03-04-2027 11:31
335,335,31,31,rejected,14-01-2027 11:31,04-04-2027 11:31
336,336,17,17,pending,15-01-2027 11:31,05-04-2027 11:31
337,337,33,33,approved,16-01-2027 11:31,06-04-2027 11:31
338,338,12,12,approved,17-01-2027 11:31,07-04-2027 11:31
339,339,20,20,rejected,18-01-2027 11:31,08-04-2027 11:31
340,340,27,27,approved,19-01-2027 11:31,09-04-2027 11:31
341,341,45,45,approved,20-01-2027 11:31,10-04-2027 11:31
342,342,33,33,pending,21-01-2027 11:31,11-04-2027 11:31
343,343,37,37,approved,22-01-2027 11:31,12-04-2027 11:31
344,344,8,8,pending,23-01-2027 11:31,13-04-2027 11:31
345,345,15,15,rejected,24-01-2027 11:31,14-04-2027 11:31
346,346,50,50,rejected,25-01-2027 11:31,15-04-2027 11:31
347,347,46,46,approved,26-01-2027 11:31,16-04-2027 11:31
348,348,2,2,approved,27-01-2027 11:31,17-04-2027 11:31
349,349,36,36,approved,28-01-2027 11:31,18-04-2027 11:31
350,350,37,37,approved,29-01-2027 11:31,19-04-2027 11:31
351,351,29,29,pending,30-01-2027 11:31,20-04-2027 11:31
352,352,29,29,rejected,31-01-2027 11:31,21-04-2027 11:31
353,353,2,2,rejected,01-02-2027 11:31,22-04-2027 11:31
354,354,46,46,rejected,02-02-2027 11:31,23-04-2027 11:31
355,355,3,3,approved,03-02-2027 11:31,24-04-2027 11:31
356,356,39,39,rejected,04-02-2027 11:31,25-04-2027 11:31
357,357,33,33,pending,05-02-2027 11:31,26-04-2027 11:31
358,358,30,30,rejected,06-02-2027 11:31,27-04-2027 11:31
359,359,35,35,rejected,07-02-2027 11:31,28-04-2027 11:31
360,360,28,28,pending,08-02-2027 11:31,29-04-2027 11:31
361,361,5,5,rejected,09-02-2027 11:31,30-04-2027 11:31
362,362,24,24,approved,10-02-2027 11:31,01-05-2027 11:31
363,363,44,44,rejected,11-02-2027 11:31,02-05-2027 11:31
364,364,48,48,approved,12-02-2027 11:31,03-05-2027 11:31
365,365,33,33,approved,13-02-2027 11:31,04-05-2027 11:31
366,366,20,20,approved,14-02-2027 11:31,05-05-2027 11:31
367,367,24,24,pending,15-02-2027 11:31,06-05-2027 11:31
368,368,21,21,rejected,16-02-2027 11:31,07-05-2027 11:31
369,369,7,7,rejected,17-02-2027 11:31,08-05-2027 11:31
370,370,18,18,rejected,18-02-2027 11:31,09-05-2027 11:31
371,371,10,10,rejected,19-02-2027 11:31,10-05-2027 11:31
372,372,48,48,pending,20-02-2027 11:31,11-05-2027 11:31
373,373,27,27,approved,21-02-2027 11:31,12-05-2027 11:31
374,374,26,26,pending,22-02-2027 11:31,13-05-2027 11:31
375,375,42,42,rejected,23-02-2027 11:31,14-05-2027 11:31
376,376,1,1,pending,24-02-2027 11:31,15-05-2027 11:31
377,377,9,9,rejected,25-02-2027 11:31,16-05-2027 11:31
378,378,36,36,pending,26-02-2027 11:31,17-05-2027 11:31
379,379,26,26,rejected,27-02-2027 11:31,18-05-2027 11:31
380,380,31,31,rejected,28-02-2027 11:31,19-05-2027 11:31
381,381,4,4,pending,01-03-2027 11:31,20-05-2027 11:31
382,382,23,23,approved,02-03-2027 11:31,21-05-2027 11:31
383,383,43,43,pending,03-03-2027 11:31,22-05-2027 11:31
384,384,39,39,pending,04-03-2027 11:31,23-05-2027 11:31
385,385,3,3,rejected,05-03-2027 11:31,24-05-2027 11:31
386,386,50,50,pending,06-03-2027 11:31,25-05-2027 11:31
387,387,36,36,pending,07-03-2027 11:31,26-05-2027 11:31
388,388,40,40,approved,08-03-2027 11:31,27-05-2027 11:31
389,389,14,14,approved,09-03-2027 11:31,28-05-2027 11:31
390,390,44,44,rejected,10-03-2027 11:31,29-05-2027 11:31
391,391,23,23,rejected,11-03-2027 11:31,30-05-2027 11:31
392,392,15,15,pending,12-03-2027 11:31,31-05-2027 11:31
393,393,46,46,pending,13-03-2027 11:31,01-06-2027 11:31
394,394,21,21,pending,14-03-2027 11:31,02-06-2027 11:31
395,395,34,34,rejected,15-03-2027 11:31,03-06-2027 11:31
396,396,29,29,approved,16-03-2027 11:31,04-06-2027 11:31
397,397,28,28,pending,17-03-2027 11:31,05-06-2027 11:31
398,398,9,9,approved,18-03-2027 11:31,06-06-2027 11:31
399,399,44,44,approved,19-03-2027 11:31,07-06-2027 11:31
400,400,26,26,approved,20-03-2027 11:31,08-06-2027 11:31
401,401,2,2,approved,21-03-2027 11:31,09-06-2027 11:31
402,402,9,9,rejected,22-03-2027 11:31,10-06-2027 11:31
403,403,15,15,pending,23-03-2027 11:31,11-06-2027 11:31
404,404,17,17,approved,24-03-2027 11:31,12-06-2027 11:31
405,405,28,28,pending,25-03-2027 11:31,13-06-2027 11:31
406,406,23,23,pending,26-03-2027 11:31,14-06-2027 11:31
407,407,43,43,approved,27-03-2027 11:31,15-06-2027 11:31
408,408,45,45,approved,28-03-2027 11:31,16-06-2027 11:31
409,409,17,17,rejected,29-03-2027 11:31,17-06-2027 11:31
410,410,22,22,pending,30-03-2027 11:31,18-06-2027 11:31
411,411,26,26,rejected,31-03-2027 11:31,19-06-2027 11:31
412,412,12,12,pending,01-04-2027 11:31,20-06-2027 11:31
413,413,35,35,approved,02-04-2027 11:31,21-06-2027 11:31
414,414,20,20,pending,03-04-2027 11:31,22-06-2027 11:31
415,415,4,4,pending,04-04-2027 11:31,23-06-2027 11:31
416,416,17,17,pending,05-04-2027 11:31,24-06-2027 11:31
417,417,46,46,pending,06-04-2027 11:31,25-06-2027 11:31
418,418,33,33,rejected,07-04-2027 11:31,26-06-2027 11:31
419,419,15,15,approved,08-04-2027 11:31,27-06-2027 11:31
420,420,47,47,rejected,09-04-2027 11:31,28-06-2027 11:31
421,421,14,14,approved,10-04-2027 11:31,29-06-2027 11:31
422,422,49,49,approved,11-04-2027 11:31,30-06-2027 11:31
423,423,18,18,approved,12-04-2027 11:31,01-07-2027 11:31
424,424,21,21,pending,13-04-2027 11:31,02-07-2027 11:31
425,425,28,28,approved,14-04-2027 11:31,03-07-2027 11:31
426,426,11,11,approved,15-04-2027 11:31,04-07-2027 11:31
427,427,8,8,pending,16-04-2027 11:31,05-07-2027 11:31
428,428,4,4,approved,17-04-2027 11:31,06-07-2027 11:31
429,429,42,42,pending,18-04-2027 11:31,07-07-2027 11:31
430,430,49,49,approved,19-04-2027 11:31,08-07-2027 11:31
431,431,42,42,approved,20-04-2027 11:31,09-07-2027 11:31
432,432,19,19,rejected,21-04-2027 11:31,10-07-2027 11:31
433,433,2,2,rejected,22-04-2027 11:31,11-07-2027 11:31
434,434,20,20,approved,23-04-2027 11:31,12-07-2027 11:31
435,435,31,31,rejected,24-04-2027 11:31,13-07-2027 11:31
436,436,27,27,rejected,25-04-2027 11:31,14-07-2027 11:31
437,437,14,14,approved,26-04-2027 11:31,15-07-2027 11:31
438,438,36,36,pending,27-04-2027 11:31,16-07-2027 11:31
439,439,1,1,rejected,28-04-2027 11:31,17-07-2027 11:31
440,440,47,47,approved,29-04-2027 11:31,18-07-2027 11:31
441,441,25,25,approved,30-04-2027 11:31,19-07-2027 11:31
442,442,46,46,approved,01-05-2027 11:31,20-07-2027 11:31
443,443,3,3,pending,02-05-2027 11:31,21-07-2027 11:31
444,444,26,26,pending,03-05-2027 11:31,22-07-2027 11:31
445,445,25,25,approved,04-05-2027 11:31,23-07-2027 11:31
446,446,25,25,pending,05-05-2027 11:31,24-07-2027 11:31
447,447,38,38,pending,06-05-2027 11:31,25-07-2027 11:31
448,448,27,27,approved,07-05-2027 11:31,26-07-2027 11:31
449,449,12,12,rejected,08-05-2027 11:31,27-07-2027 11:31
450,450,31,31,rejected,09-05-2027 11:31,28-07-2027 11:31
451,451,34,34,rejected,10-05-2027 11:31,29-07-2027 11:31
452,452,21,21,rejected,11-05-2027 11:31,30-07-2027 11:31
453,453,11,11,approved,12-05-2027 11:31,31-07-2027 11:31
454,454,10,10,approved,13-05-2027 11:31,01-08-2027 11:31
455,455,27,27,rejected,14-05-2027 11:31,02-08-2027 11:31
456,456,49,49,rejected,15-05-2027 11:31,03-08-2027 11:31
457,457,48,48,approved,16-05-2027 11:31,04-08-2027 11:31
458,458,20,20,approved,17-05-2027 11:31,05-08-2027 11:31
459,459,19,19,pending,18-05-2027 11:31,06-08-2027 11:31
460,460,25,25,approved,19-05-2027 11:31,07-08-2027 11:31
461,461,11,11,rejected,20-05-2027 11:31,08-08-2027 11:31
462,462,5,5,approved,21-05-2027 11:31,09-08-2027 11:31
463,463,26,26,approved,22-05-2027 11:31,10-08-2027 11:31
464,464,16,16,approved,23-05-2027 11:31,11-08-2027 11:31
465,465,4,4,rejected,24-05-2027 11:31,12-08-2027 11:31
466,466,13,13,pending,25-05-2027 11:31,13-08-2027 11:31
467,467,29,29,approved,26-05-2027 11:31,14-08-2027 11:31
468,468,20,20,pending,27-05-2027 11:31,15-08-2027 11:31
469,469,26,26,rejected,28-05-2027 11:31,16-08-2027 11:31
470,470,49,49,pending,29-05-2027 11:31,17-08-2027 11:31
471,471,24,24,pending,30-05-2027 11:31,18-08-2027 11:31
472,472,10,10,rejected,31-05-2027 11:31,19-08-2027 11:31
473,473,22,22,rejected,01-06-2027 11:31,20-08-2027 11:31
474,474,15,15,pending,02-06-2027 11:31,21-08-2027 11:31
475,475,43,43,approved,03-06-2027 11:31,22-08-2027 11:31
476,476,37,37,approved,04-06-2027 11:31,23-08-2027 11:31
477,477,19,19,approved,05-06-2027 11:31,24-08-2027 11:31
478,478,2,2,pending,06-06-2027 11:31,25-08-2027 11:31
479,479,28,28,rejected,07-06-2027 11:31,26-08-2027 11:31
480,480,31,31,rejected,08-06-2027 11:31,27-08-2027 11:31
481,481,5,5,pending,09-06-2027 11:31,28-08-2027 11:31
482,482,38,38,approved,10-06-2027 11:31,29-08-2027 11:31
483,483,12,12,approved,11-06-2027 11:31,30-08-2027 11:31
484,484,13,13,rejected,12-06-2027 11:31,31-08-2027 11:31
485,485,30,30,pending,13-06-2027 11:31,01-09-2027 11:31
486,486,8,8,approved,14-06-2027 11:31,02-09-2027 11:31
487,487,11,11,approved,15-06-2027 11:31,03-09-2027 11:31
488,488,13,13,approved,16-06-2027 11:31,04-09-2027 11:31
489,489,26,26,pending,17-06-2027 11:31,05-09-2027 11:31
490,490,7,7,rejected,18-06-2027 11:31,06-09-2027 11:31
491,491,21,21,approved,19-06-2027 11:31,07-09-2027 11:31
492,492,40,40,rejected,20-06-2027 11:31,08-09-2027 11:31
493,493,26,26,approved,21-06-2027 11:31,09-09-2027 11:31
494,494,8,8,approved,22-06-2027 11:31,10-09-2027 11:31
495,495,41,41,pending,23-06-2027 11:31,11-09-2027 11:31
496,496,3,3,pending,24-06-2027 11:31,12-09-2027 11:31
497,497,6,6,approved,25-06-2027 11:31,13-09-2027 11:31
498,498,44,44,rejected,26-06-2027 11:31,14-09-2027 11:31
499,499,42,42,rejected,27-06-2027 11:31,15-09-2027 11:31
500,500,7,7,pending,28-06-2027 11:31,16-09-2027 11:31
501,501,44,44,approved,29-06-2027 11:31,17-09-2027 11:31
502,502,14,14,approved,30-06-2027 11:31,18-09-2027 11:31
503,503,46,46,rejected,01-07-2027 11:31,19-09-2027 11:31
504,504,16,16,pending,02-07-2027 11:31,20-09-2027 11:31
505,505,11,11,rejected,03-07-2027 11:31,21-09-2027 11:31
506,506,44,44,rejected,04-07-2027 11:31,22-09-2027 11:31
507,507,11,11,approved,05-07-2027 11:31,23-09-2027 11:31
508,508,18,18,approved,06-07-2027 11:31,24-09-2027 11:31
509,509,7,7,approved,07-07-2027 11:31,25-09-2027 11:31
510,510,31,31,approved,08-07-2027 11:31,26-09-2027 11:31
511,511,41,41,rejected,09-07-2027 11:31,27-09-2027 11:31
512,512,37,37,pending,10-07-2027 11:31,28-09-2027 11:31
513,513,45,45,approved,11-07-2027 11:31,29-09-2027 11:31
514,514,38,38,approved,12-07-2027 11:31,30-09-2027 11:31
515,515,29,29,pending,13-07-2027 11:31,01-10-2027 11:31
516,516,24,24,pending,14-07-2027 11:31,02-10-2027 11:31
517,517,42,42,pending,15-07-2027 11:31,03-10-2027 11:31
518,518,50,50,approved,16-07-2027 11:31,04-10-2027 11:31
519,519,24,24,approved,17-07-2027 11:31,05-10-2027 11:31
520,520,35,35,pending,18-07-2027 11:31,06-10-2027 11:31
521,521,33,33,pending,19-07-2027 11:31,07-10-2027 11:31
522,522,41,41,pending,20-07-2027 11:31,08-10-2027 11:31
523,523,20,20,approved,21-07-2027 11:31,09-10-2027 11:31
524,524,47,47,approved,22-07-2027 11:31,10-10-2027 11:31
525,525,25,25,rejected,23-07-2027 11:31,11-10-2027 11:31
526,526,16,16,pending,24-07-2027 11:31,12-10-2027 11:31
527,527,41,41,approved,25-07-2027 11:31,13-10-2027 11:31
528,528,49,49,rejected,26-07-2027 11:31,14-10-2027 11:31
529,529,40,40,rejected,27-07-2027 11:31,15-10-2027 11:31
530,530,6,6,rejected,28-07-2027 11:31,16-10-2027 11:31
531,531,4,4,rejected,29-07-2027 11:31,17-10-2027 11:31
532,532,6,6,rejected,30-07-2027 11:31,18-10-2027 11:31
533,533,16,16,rejected,31-07-2027 11:31,19-10-2027 11:31
534,534,42,42,approved,01-08-2027 11:31,20-10-2027 11:31
535,535,25,25,approved,02-08-2027 11:31,21-10-2027 11:31
536,536,38,38,pending,03-08-2027 11:31,22-10-2027 11:31
537,537,50,50,approved,04-08-2027 11:31,23-10-2027 11:31
538,538,21,21,rejected,05-08-2027 11:31,24-10-2027 11:31
539,539,4,4,rejected,06-08-2027 11:31,25-10-2027 11:31
540,540,50,50,pending,07-08-2027 11:31,26-10-2027 11:31
541,541,1,1,approved,08-08-2027 11:31,27-10-2027 11:31
542,542,41,41,rejected,09-08-2027 11:31,28-10-2027 11:31
543,543,49,49,approved,10-08-2027 11:31,29-10-2027 11:31
544,544,44,44,pending,11-08-2027 11:31,30-10-2027 11:31
545,545,37,37,pending,12-08-2027 11:31,31-10-2027 11:31
546,546,4,4,pending,13-08-2027 11:31,01-11-2027 11:31
547,547,40,40,pending,14-08-2027 11:31,02-11-2027 11:31
548,548,41,41,pending,15-08-2027 11:31,03-11-2027 11:31
549,549,46,46,rejected,16-08-2027 11:31,04-11-2027 11:31
550,550,35,35,approved,17-08-2027 11:31,05-11-2027 11:31
551,551,35,35,pending,18-08-2027 11:31,06-11-2027 11:31
552,552,28,28,rejected,19-08-2027 11:31,07-11-2027 11:31
553,553,45,45,rejected,20-08-2027 11:31,08-11-2027 11:31
554,554,16,16,rejected,21-08-2027 11:31,09-11-2027 11:31
555,555,44,44,rejected,22-08-2027 11:31,10-11-2027 11:31
556,556,17,17,pending,23-08-2027 11:31,11-11-2027 11:31
557,557,46,46,approved,24-08-2027 11:31,12-11-2027 11:31
558,558,45,45,pending,25-08-2027 11:31,13-11-2027 11:31
559,559,34,34,approved,26-08-2027 11:31,14-11-2027 11:31
560,560,35,35,rejected,27-08-2027 11:31,15-11-2027 11:31
561,561,37,37,rejected,28-08-2027 11:31,16-11-2027 11:31
562,562,18,18,rejected,29-08-2027 11:31,17-11-2027 11:31
563,563,28,28,approved,30-08-2027 11:31,18-11-2027 11:31
564,564,16,16,approved,31-08-2027 11:31,19-11-2027 11:31
565,565,7,7,approved,01-09-2027 11:31,20-11-2027 11:31
566,566,26,26,pending,02-09-2027 11:31,21-11-2027 11:31
567,567,27,27,pending,03-09-2027 11:31,22-11-2027 11:31
568,568,28,28,pending,04-09-2027 11:31,23-11-2027 11:31
569,569,30,30,pending,05-09-2027 11:31,24-11-2027 11:31
570,570,13,13,pending,06-09-2027 11:31,25-11-2027 11:31
571,571,13,13,pending,07-09-2027 11:31,26-11-2027 11:31
572,572,2,2,approved,08-09-2027 11:31,27-11-2027 11:31
573,573,14,14,rejected,09-09-2027 11:31,28-11-2027 11:31
574,574,36,36,pending,10-09-2027 11:31,29-11-2027 11:31
575,575,20,20,pending,11-09-2027 11:31,30-11-2027 11:31
576,576,22,22,rejected,12-09-2027 11:31,01-12-2027 11:31
577,577,18,18,approved,13-09-2027 11:31,02-12-2027 11:31
578,578,31,31,rejected,14-09-2027 11:31,03-12-2027 11:31
579,579,37,37,rejected,15-09-2027 11:31,04-12-2027 11:31
580,580,7,7,approved,16-09-2027 11:31,05-12-2027 11:31
581,581,24,24,approved,17-09-2027 11:31,06-12-2027 11:31
582,582,16,16,rejected,18-09-2027 11:31,07-12-2027 11:31
583,583,8,8,approved,19-09-2027 11:31,08-12-2027 11:31
584,584,42,42,pending,20-09-2027 11:31,09-12-2027 11:31
585,585,30,30,rejected,21-09-2027 11:31,10-12-2027 11:31
586,586,33,33,approved,22-09-2027 11:31,11-12-2027 11:31
587,587,24,24,approved,23-09-2027 11:31,12-12-2027 11:31
588,588,5,5,approved,24-09-2027 11:31,13-12-2027 11:31
589,589,38,38,approved,25-09-2027 11:31,14-12-2027 11:31
590,590,1,1,pending,26-09-2027 11:31,15-12-2027 11:31
591,591,34,34,approved,27-09-2027 11:31,16-12-2027 11:31
592,592,44,44,approved,28-09-2027 11:31,17-12-2027 11:31
593,593,15,15,approved,29-09-2027 11:31,18-12-2027 11:31
594,594,21,21,pending,30-09-2027 11:31,19-12-2027 11:31
595,595,1,1,pending,01-10-2027 11:31,20-12-2027 11:31
596,596,13,13,approved,02-10-2027 11:31,21-12-2027 11:31
597,597,25,25,pending,03-10-2027 11:31,22-12-2027 11:31
598,598,26,26,rejected,04-10-2027 11:31,23-12-2027 11:31
599,599,5,5,rejected,05-10-2027 11:31,24-12-2027 11:31
600,600,4,4,approved,06-10-2027 11:31,25-12-2027 11:31
601,601,8,8,approved,07-10-2027 11:31,26-12-2027 11:31
602,602,39,39,rejected,08-10-2027 11:31,27-12-2027 11:31
603,603,44,44,pending,09-10-2027 11:31,28-12-2027 11:31
604,604,14,14,approved,10-10-2027 11:31,29-12-2027 11:31
605,605,19,19,approved,11-10-2027 11:31,30-12-2027 11:31
606,606,46,46,pending,12-10-2027 11:31,31-12-2027 11:31
607,607,23,23,approved,13-10-2027 11:31,01-01-2028 11:31
608,608,29,29,approved,14-10-2027 11:31,02-01-2028 11:31
609,609,31,31,rejected,15-10-2027 11:31,03-01-2028 11:31
610,610,8,8,approved,16-10-2027 11:31,04-01-2028 11:31
611,611,33,33,rejected,17-10-2027 11:31,05-01-2028 11:31
612,612,34,34,rejected,18-10-2027 11:31,06-01-2028 11:31
613,613,46,46,pending,19-10-2027 11:31,07-01-2028 11:31
614,614,34,34,rejected,20-10-2027 11:31,08-01-2028 11:31
615,615,13,13,rejected,21-10-2027 11:31,09-01-2028 11:31
616,616,28,28,pending,22-10-2027 11:31,10-01-2028 11:31
617,617,28,28,rejected,23-10-2027 11:31,11-01-2028 11:31
618,618,19,19,pending,24-10-2027 11:31,12-01-2028 11:31
619,619,13,13,pending,25-10-2027 11:31,13-01-2028 11:31
620,620,38,38,rejected,26-10-2027 11:31,14-01-2028 11:31
621,621,40,40,rejected,27-10-2027 11:31,15-01-2028 11:31
622,622,26,26,approved,28-10-2027 11:31,16-01-2028 11:31
623,623,33,33,pending,29-10-2027 11:31,17-01-2028 11:31
624,624,7,7,pending,30-10-2027 11:31,18-01-2028 11:31
625,625,25,25,rejected,31-10-2027 11:31,19-01-2028 11:31
626,626,45,45,approved,01-11-2027 11:31,20-01-2028 11:31
627,627,22,22,rejected,02-11-2027 11:31,21-01-2028 11:31
628,628,12,12,approved,03-11-2027 11:31,22-01-2028 11:31
629,629,22,22,pending,04-11-2027 11:31,23-01-2028 11:31
630,630,3,3,rejected,05-11-2027 11:31,24-01-2028 11:31
631,631,35,35,rejected,06-11-2027 11:31,25-01-2028 11:31
632,632,8,8,pending,07-11-2027 11:31,26-01-2028 11:31
633,633,2,2,rejected,08-11-2027 11:31,27-01-2028 11:31
634,634,24,24,rejected,09-11-2027 11:31,28-01-2028 11:31
635,635,38,38,approved,10-11-2027 11:31,29-01-2028 11:31
636,636,42,42,approved,11-11-2027 11:31,30-01-2028 11:31
637,637,44,44,pending,12-11-2027 11:31,31-01-2028 11:31
638,638,25,25,rejected,13-11-2027 11:31,01-02-2028 11:31
639,639,49,49,pending,14-11-2027 11:31,02-02-2028 11:31
640,640,34,34,rejected,15-11-2027 11:31,03-02-2028 11:31
641,641,46,46,approved,16-11-2027 11:31,04-02-2028 11:31
642,642,16,16,pending,17-11-2027 11:31,05-02-2028 11:31
643,643,34,34,pending,18-11-2027 11:31,06-02-2028 11:31
644,644,11,11,rejected,19-11-2027 11:31,07-02-2028 11:31
645,645,15,15,rejected,20-11-2027 11:31,08-02-2028 11:31
646,646,43,43,approved,21-11-2027 11:31,09-02-2028 11:31
647,647,23,23,approved,22-11-2027 11:31,10-02-2028 11:31
648,648,41,41,pending,23-11-2027 11:31,11-02-2028 11:31
649,649,50,50,approved,24-11-2027 11:31,12-02-2028 11:31
650,650,23,23,pending,25-11-2027 11:31,13-02-2028 11:31
651,651,47,47,rejected,26-11-2027 11:31,14-02-2028 11:31
652,652,38,38,approved,27-11-2027 11:31,15-02-2028 11:31
653,653,24,24,approved,28-11-2027 11:31,16-02-2028 11:31
654,654,5,5,approved,29-11-2027 11:31,17-02-2028 11:31
655,655,19,19,approved,30-11-2027 11:31,18-02-2028 11:31
656,656,11,11,rejected,01-12-2027 11:31,19-02-2028 11:31
657,657,5,5,approved,02-12-2027 11:31,20-02-2028 11:31
658,658,28,28,approved,03-12-2027 11:31,21-02-2028 11:31
659,659,47,47,pending,04-12-2027 11:31,22-02-2028 11:31
660,660,32,32,rejected,05-12-2027 11:31,23-02-2028 11:31
661,661,35,35,rejected,06-12-2027 11:31,24-02-2028 11:31
662,662,18,18,approved,07-12-2027 11:31,25-02-2028 11:31
663,663,46,46,approved,08-12-2027 11:31,26-02-2028 11:31
664,664,13,13,pending,09-12-2027 11:31,27-02-2028 11:31
665,665,27,27,approved,10-12-2027 11:31,28-02-2028 11:31
666,666,15,15,approved,11-12-2027 11:31,29-02-2028 11:31
667,667,9,9,approved,12-12-2027 11:31,01-03-2028 11:31
668,668,20,20,rejected,13-12-2027 11:31,02-03-2028 11:31
669,669,2,2,rejected,14-12-2027 11:31,03-03-2028 11:31
670,670,44,44,pending,15-12-2027 11:31,04-03-2028 11:31
671,671,6,6,rejected,16-12-2027 11:31,05-03-2028 11:31
672,672,45,45,approved,17-12-2027 11:31,06-03-2028 11:31
673,673,36,36,pending,18-12-2027 11:31,07-03-2028 11:31
674,674,20,20,approved,19-12-2027 11:31,08-03-2028 11:31
675,675,10,10,pending,20-12-2027 11:31,09-03-2028 11:31
676,676,21,21,pending,21-12-2027 11:31,10-03-2028 11:31
677,677,29,29,rejected,22-12-2027 11:31,11-03-2028 11:31
678,678,8,8,pending,23-12-2027 11:31,12-03-2028 11:31
679,679,38,38,approved,24-12-2027 11:31,13-03-2028 11:31
680,680,2,2,pending,25-12-2027 11:31,14-03-2028 11:31
681,681,2,2,rejected,26-12-2027 11:31,15-03-2028 11:31
682,682,24,24,rejected,27-12-2027 11:31,16-03-2028 11:31
683,683,14,14,pending,28-12-2027 11:31,17-03-2028 11:31
684,684,5,5,pending,29-12-2027 11:31,18-03-2028 11:31
685,685,30,30,rejected,30-12-2027 11:31,19-03-2028 11:31
686,686,38,38,approved,31-12-2027 11:31,20-03-2028 11:31
687,687,38,38,pending,01-01-2028 11:31,21-03-2028 11:31
688,688,34,34,rejected,02-01-2028 11:31,22-03-2028 11:31
689,689,38,38,pending,03-01-2028 11:31,23-03-2028 11:31
690,690,12,12,approved,04-01-2028 11:31,24-03-2028 11:31
691,691,49,49,pending,05-01-2028 11:31,25-03-2028 11:31
692,692,25,25,approved,06-01-2028 11:31,26-03-2028 11:31
693,693,42,42,pending,07-01-2028 11:31,27-03-2028 11:31
694,694,45,45,pending,08-01-2028 11:31,28-03-2028 11:31
695,695,8,8,approved,09-01-2028 11:31,29-03-2028 11:31
696,696,34,34,rejected,10-01-2028 11:31,30-03-2028 11:31
697,697,29,29,approved,11-01-2028 11:31,31-03-2028 11:31
698,698,12,12,rejected,12-01-2028 11:31,01-04-2028 11:31
699,699,17,17,rejected,13-01-2028 11:31,02-04-2028 11:31
700,700,29,29,approved,14-01-2028 11:31,03-04-2028 11:31
701,701,22,22,rejected,15-01-2028 11:31,04-04-2028 11:31
702,702,46,46,approved,16-01-2028 11:31,05-04-2028 11:31
703,703,36,36,pending,17-01-2028 11:31,06-04-2028 11:31
704,704,2,2,pending,18-01-2028 11:31,07-04-2028 11:31
705,705,35,35,pending,19-01-2028 11:31,08-04-2028 11:31
706,706,48,48,rejected,20-01-2028 11:31,09-04-2028 11:31
707,707,40,40,pending,21-01-2028 11:31,10-04-2028 11:31
708,708,27,27,approved,22-01-2028 11:31,11-04-2028 11:31
709,709,16,16,pending,23-01-2028 11:31,12-04-2028 11:31
710,710,11,11,rejected,24-01-2028 11:31,13-04-2028 11:31
711,711,27,27,rejected,25-01-2028 11:31,14-04-2028 11:31
712,712,28,28,rejected,26-01-2028 11:31,15-04-2028 11:31
713,713,50,50,approved,27-01-2028 11:31,16-04-2028 11:31
714,714,11,11,pending,28-01-2028 11:31,17-04-2028 11:31
715,715,27,27,rejected,29-01-2028 11:31,18-04-2028 11:31
716,716,6,6,approved,30-01-2028 11:31,19-04-2028 11:31
717,717,8,8,approved,31-01-2028 11:31,20-04-2028 11:31
718,718,5,5,rejected,01-02-2028 11:31,21-04-2028 11:31
719,719,17,17,pending,02-02-2028 11:31,22-04-2028 11:31
720,720,2,2,approved,03-02-2028 11:31,23-04-2028 11:31
721,721,48,48,approved,04-02-2028 11:31,24-04-2028 11:31
722,722,15,15,rejected,05-02-2028 11:31,25-04-2028 11:31
723,723,21,21,pending,06-02-2028 11:31,26-04-2028 11:31
724,724,33,33,approved,07-02-2028 11:31,27-04-2028 11:31
725,725,17,17,approved,08-02-2028 11:31,28-04-2028 11:31
726,726,7,7,rejected,09-02-2028 11:31,29-04-2028 11:31
727,727,38,38,rejected,10-02-2028 11:31,30-04-2028 11:31
728,728,4,4,pending,11-02-2028 11:31,01-05-2028 11:31
729,729,24,24,rejected,12-02-2028 11:31,02-05-2028 11:31
730,730,15,15,rejected,13-02-2028 11:31,03-05-2028 11:31
731,731,8,8,approved,14-02-2028 11:31,04-05-2028 11:31
732,732,45,45,approved,15-02-2028 11:31,05-05-2028 11:31
733,733,20,20,rejected,16-02-2028 11:31,06-05-2028 11:31
734,734,40,40,pending,17-02-2028 11:31,07-05-2028 11:31
735,735,18,18,approved,18-02-2028 11:31,08-05-2028 11:31
736,736,5,5,pending,19-02-2028 11:31,09-05-2028 11:31
737,737,3,3,rejected,20-02-2028 11:31,10-05-2028 11:31
738,738,31,31,pending,21-02-2028 11:31,11-05-2028 11:31
739,739,25,25,approved,22-02-2028 11:31,12-05-2028 11:31
740,740,31,31,approved,23-02-2028 11:31,13-05-2028 11:31
741,741,35,35,rejected,24-02-2028 11:31,14-05-2028 11:31
742,742,40,40,approved,25-02-2028 11:31,15-05-2028 11:31
743,743,6,6,pending,26-02-2028 11:31,16-05-2028 11:31
744,744,11,11,rejected,27-02-2028 11:31,17-05-2028 11:31
745,745,6,6,rejected,28-02-2028 11:31,18-05-2028 11:31
746,746,41,41,rejected,29-02-2028 11:31,19-05-2028 11:31
747,747,17,17,rejected,01-03-2028 11:31,20-05-2028 11:31
748,748,49,49,approved,02-03-2028 11:31,21-05-2028 11:31
749,749,27,27,rejected,03-03-2028 11:31,22-05-2028 11:31
750,750,19,19,approved,04-03-2028 11:31,23-05-2028 11:31
751,751,8,8,rejected,05-03-2028 11:31,24-05-2028 11:31
752,752,24,24,rejected,06-03-2028 11:31,25-05-2028 11:31
753,753,21,21,pending,07-03-2028 11:31,26-05-2028 11:31
754,754,1,1,rejected,08-03-2028 11:31,27-05-2028 11:31
755,755,19,19,pending,09-03-2028 11:31,28-05-2028 11:31
756,756,31,31,approved,10-03-2028 11:31,29-05-2028 11:31
757,757,15,15,approved,11-03-2028 11:31,30-05-2028 11:31
758,758,7,7,approved,12-03-2028 11:31,31-05-2028 11:31
759,759,45,45,approved,13-03-2028 11:31,01-06-2028 11:31
760,760,32,32,rejected,14-03-2028 11:31,02-06-2028 11:31
761,761,2,2,pending,15-03-2028 11:31,03-06-2028 11:31
762,762,5,5,rejected,16-03-2028 11:31,04-06-2028 11:31
763,763,7,7,pending,17-03-2028 11:31,05-06-2028 11:31
764,764,16,16,rejected,18-03-2028 11:31,06-06-2028 11:31
765,765,31,31,rejected,19-03-2028 11:31,07-06-2028 11:31
766,766,33,33,approved,20-03-2028 11:31,08-06-2028 11:31
767,767,30,30,rejected,21-03-2028 11:31,09-06-2028 11:31
768,768,17,17,pending,22-03-2028 11:31,10-06-2028 11:31
769,769,11,11,approved,23-03-2028 11:31,11-06-2028 11:31
770,770,24,24,rejected,24-03-2028 11:31,12-06-2028 11:31
771,771,27,27,approved,25-03-2028 11:31,13-06-2028 11:31
772,772,25,25,approved,26-03-2028 11:31,14-06-2028 11:31
773,773,28,28,rejected,27-03-2028 11:31,15-06-2028 11:31
774,774,43,43,pending,28-03-2028 11:31,16-06-2028 11:31
775,775,1,1,approved,29-03-2028 11:31,17-06-2028 11:31
776,776,43,43,rejected,30-03-2028 11:31,18-06-2028 11:31
777,777,5,5,rejected,31-03-2028 11:31,19-06-2028 11:31
778,778,19,19,pending,01-04-2028 11:31,20-06-2028 11:31
779,779,47,47,pending,02-04-2028 11:31,21-06-2028 11:31
780,780,3,3,rejected,03-04-2028 11:31,22-06-2028 11:31
781,781,44,44,rejected,04-04-2028 11:31,23-06-2028 11:31
782,782,10,10,pending,05-04-2028 11:31,24-06-2028 11:31
783,783,47,47,pending,06-04-2028 11:31,25-06-2028 11:31
784,784,25,25,pending,07-04-2028 11:31,26-06-2028 11:31
785,785,17,17,approved,08-04-2028 11:31,27-06-2028 11:31
786,786,49,49,approved,09-04-2028 11:31,28-06-2028 11:31
787,787,4,4,rejected,10-04-2028 11:31,29-06-2028 11:31
788,788,8,8,approved,11-04-2028 11:31,30-06-2028 11:31
789,789,35,35,pending,12-04-2028 11:31,01-07-2028 11:31
790,790,31,31,rejected,13-04-2028 11:31,02-07-2028 11:31
791,791,22,22,rejected,14-04-2028 11:31,03-07-2028 11:31
792,792,48,48,rejected,15-04-2028 11:31,04-07-2028 11:31
793,793,36,36,rejected,16-04-2028 11:31,05-07-2028 11:31
794,794,34,34,pending,17-04-2028 11:31,06-07-2028 11:31
795,795,37,37,pending,18-04-2028 11:31,07-07-2028 11:31
796,796,31,31,rejected,19-04-2028 11:31,08-07-2028 11:31
797,797,14,14,pending,20-04-2028 11:31,09-07-2028 11:31
798,798,19,19,rejected,21-04-2028 11:31,10-07-2028 11:31
799,799,29,29,rejected,22-04-2028 11:31,11-07-2028 11:31
800,800,21,21,approved,23-04-2028 11:31,12-07-2028 11:31
801,801,41,41,pending,24-04-2028 11:31,13-07-2028 11:31
802,802,7,7,approved,25-04-2028 11:31,14-07-2028 11:31
803,803,15,15,approved,26-04-2028 11:31,15-07-2028 11:31
804,804,28,28,pending,27-04-2028 11:31,16-07-2028 11:31
805,805,42,42,rejected,28-04-2028 11:31,17-07-2028 11:31
806,806,15,15,pending,29-04-2028 11:31,18-07-2028 11:31
807,807,46,46,rejected,30-04-2028 11:31,19-07-2028 11:31
808,808,43,43,pending,01-05-2028 11:31,20-07-2028 11:31
809,809,8,8,approved,02-05-2028 11:31,21-07-2028 11:31
810,810,5,5,rejected,03-05-2028 11:31,22-07-2028 11:31
811,811,11,11,pending,04-05-2028 11:31,23-07-2028 11:31
812,812,25,25,pending,05-05-2028 11:31,24-07-2028 11:31
813,813,37,37,rejected,06-05-2028 11:31,25-07-2028 11:31
814,814,35,35,pending,07-05-2028 11:31,26-07-2028 11:31
815,815,48,48,pending,08-05-2028 11:31,27-07-2028 11:31
816,816,20,20,rejected,09-05-2028 11:31,28-07-2028 11:31
817,817,5,5,pending,10-05-2028 11:31,29-07-2028 11:31
818,818,49,49,rejected,11-05-2028 11:31,30-07-2028 11:31
819,819,3,3,approved,12-05-2028 11:31,31-07-2028 11:31
820,820,14,14,approved,13-05-2028 11:31,01-08-2028 11:31
821,821,8,8,pending,14-05-2028 11:31,02-08-2028 11:31
822,822,4,4,pending,15-05-2028 11:31,03-08-2028 11:31
823,823,7,7,approved,16-05-2028 11:31,04-08-2028 11:31
824,824,44,44,pending,17-05-2028 11:31,05-08-2028 11:31
825,825,2,2,pending,18-05-2028 11:31,06-08-2028 11:31
826,826,31,31,rejected,19-05-2028 11:31,07-08-2028 11:31
827,827,14,14,approved,20-05-2028 11:31,08-08-2028 11:31
828,828,37,37,approved,21-05-2028 11:31,09-08-2028 11:31
829,829,18,18,rejected,22-05-2028 11:31,10-08-2028 11:31
830,830,13,13,rejected,23-05-2028 11:31,11-08-2028 11:31
831,831,21,21,pending,24-05-2028 11:31,12-08-2028 11:31
832,832,44,44,approved,25-05-2028 11:31,13-08-2028 11:31
833,833,18,18,approved,26-05-2028 11:31,14-08-2028 11:31
834,834,34,34,rejected,27-05-2028 11:31,15-08-2028 11:31
835,835,7,7,rejected,28-05-2028 11:31,16-08-2028 11:31
836,836,13,13,rejected,29-05-2028 11:31,17-08-2028 11:31
837,837,17,17,rejected,30-05-2028 11:31,18-08-2028 11:31
838,838,40,40,pending,31-05-2028 11:31,19-08-2028 11:31
839,839,12,12,pending,01-06-2028 11:31,20-08-2028 11:31
840,840,26,26,rejected,02-06-2028 11:31,21-08-2028 11:31
841,841,14,14,approved,03-06-2028 11:31,22-08-2028 11:31
842,842,6,6,rejected,04-06-2028 11:31,23-08-2028 11:31
843,843,27,27,rejected,05-06-2028 11:31,24-08-2028 11:31
844,844,31,31,rejected,06-06-2028 11:31,25-08-2028 11:31
845,845,39,39,pending,07-06-2028 11:31,26-08-2028 11:31
846,846,36,36,rejected,08-06-2028 11:31,27-08-2028 11:31
847,847,22,22,approved,09-06-2028 11:31,28-08-2028 11:31
848,848,6,6,rejected,10-06-2028 11:31,29-08-2028 11:31
849,849,7,7,approved,11-06-2028 11:31,30-08-2028 11:31
850,850,14,14,pending,12-06-2028 11:31,31-08-2028 11:31
851,851,36,36,approved,13-06-2028 11:31,01-09-2028 11:31
852,852,2,2,rejected,14-06-2028 11:31,02-09-2028 11:31
853,853,50,50,rejected,15-06-2028 11:31,03-09-2028 11:31
854,854,19,19,approved,16-06-2028 11:31,04-09-2028 11:31
855,855,27,27,rejected,17-06-2028 11:31,05-09-2028 11:31
856,856,31,31,pending,18-06-2028 11:31,06-09-2028 11:31
857,857,6,6,rejected,19-06-2028 11:31,07-09-2028 11:31
858,858,49,49,pending,20-06-2028 11:31,08-09-2028 11:31
859,859,4,4,rejected,21-06-2028 11:31,09-09-2028 11:31
860,860,48,48,pending,22-06-2028 11:31,10-09-2028 11:31
861,861,4,4,approved,23-06-2028 11:31,11-09-2028 11:31
862,862,22,22,approved,24-06-2028 11:31,12-09-2028 11:31
863,863,36,36,approved,25-06-2028 11:31,13-09-2028 11:31
864,864,2,2,pending,26-06-2028 11:31,14-09-2028 11:31
865,865,45,45,pending,27-06-2028 11:31,15-09-2028 11:31
866,866,30,30,approved,28-06-2028 11:31,16-09-2028 11:31
867,867,13,13,approved,29-06-2028 11:31,17-09-2028 11:31
868,868,18,18,rejected,30-06-2028 11:31,18-09-2028 11:31
869,869,6,6,approved,01-07-2028 11:31,19-09-2028 11:31
870,870,1,1,approved,02-07-2028 11:31,20-09-2028 11:31
871,871,45,45,approved,03-07-2028 11:31,21-09-2028 11:31
872,872,17,17,approved,04-07-2028 11:31,22-09-2028 11:31
873,873,50,50,rejected,05-07-2028 11:31,23-09-2028 11:31
874,874,19,19,rejected,06-07-2028 11:31,24-09-2028 11:31
875,875,27,27,approved,07-07-2028 11:31,25-09-2028 11:31
876,876,49,49,rejected,08-07-2028 11:31,26-09-2028 11:31
877,877,46,46,approved,09-07-2028 11:31,27-09-2028 11:31
878,878,41,41,rejected,10-07-2028 11:31,28-09-2028 11:31
879,879,11,11,pending,11-07-2028 11:31,29-09-2028 11:31
880,880,46,46,pending,12-07-2028 11:31,30-09-2028 11:31
881,881,37,37,pending,13-07-2028 11:31,01-10-2028 11:31
882,882,49,49,approved,14-07-2028 11:31,02-10-2028 11:31
883,883,44,44,rejected,15-07-2028 11:31,03-10-2028 11:31
884,884,33,33,pending,16-07-2028 11:31,04-10-2028 11:31
885,885,35,35,pending,17-07-2028 11:31,05-10-2028 11:31
886,886,26,26,rejected,18-07-2028 11:31,06-10-2028 11:31
887,887,31,31,rejected,19-07-2028 11:31,07-10-2028 11:31
888,888,28,28,rejected,20-07-2028 11:31,08-10-2028 11:31
889,889,33,33,approved,21-07-2028 11:31,09-10-2028 11:31
890,890,18,18,pending,22-07-2028 11:31,10-10-2028 11:31
891,891,31,31,pending,23-07-2028 11:31,11-10-2028 11:31
892,892,24,24,pending,24-07-2028 11:31,12-10-2028 11:31
893,893,2,2,pending,25-07-2028 11:31,13-10-2028 11:31
894,894,30,30,approved,26-07-2028 11:31,14-10-2028 11:31
895,895,2,2,rejected,27-07-2028 11:31,15-10-2028 11:31
896,896,36,36,rejected,28-07-2028 11:31,16-10-2028 11:31
897,897,24,24,approved,29-07-2028 11:31,17-10-2028 11:31
898,898,23,23,pending,30-07-2028 11:31,18-10-2028 11:31
899,899,29,29,pending,31-07-2028 11:31,19-10-2028 11:31
900,900,41,41,approved,01-08-2028 11:31,20-10-2028 11:31
901,901,27,27,approved,02-08-2028 11:31,21-10-2028 11:31
902,902,37,37,rejected,03-08-2028 11:31,22-10-2028 11:31
903,903,41,41,approved,04-08-2028 11:31,23-10-2028 11:31
904,904,16,16,rejected,05-08-2028 11:31,24-10-2028 11:31
905,905,31,31,pending,06-08-2028 11:31,25-10-2028 11:31
906,906,48,48,approved,07-08-2028 11:31,26-10-2028 11:31
907,907,47,47,pending,08-08-2028 11:31,27-10-2028 11:31
908,908,13,13,rejected,09-08-2028 11:31,28-10-2028 11:31
909,909,11,11,pending,10-08-2028 11:31,29-10-2028 11:31
910,910,48,48,pending,11-08-2028 11:31,30-10-2028 11:31
911,911,10,10,rejected,12-08-2028 11:31,31-10-2028 11:31
912,912,39,39,pending,13-08-2028 11:31,01-11-2028 11:31
913,913,33,33,rejected,14-08-2028 11:31,02-11-2028 11:31
914,914,49,49,rejected,15-08-2028 11:31,03-11-2028 11:31
915,915,36,36,rejected,16-08-2028 11:31,04-11-2028 11:31
916,916,29,29,rejected,17-08-2028 11:31,05-11-2028 11:31
917,917,1,1,pending,18-08-2028 11:31,06-11-2028 11:31
918,918,46,46,rejected,19-08-2028 11:31,07-11-2028 11:31
919,919,22,22,rejected,20-08-2028 11:31,08-11-2028 11:31
920,920,35,35,approved,21-08-2028 11:31,09-11-2028 11:31
921,921,28,28,approved,22-08-2028 11:31,10-11-2028 11:31
922,922,48,48,approved,23-08-2028 11:31,11-11-2028 11:31
923,923,29,29,rejected,24-08-2028 11:31,12-11-2028 11:31
924,924,1,1,approved,25-08-2028 11:31,13-11-2028 11:31
925,925,30,30,rejected,26-08-2028 11:31,14-11-2028 11:31
926,926,10,10,rejected,27-08-2028 11:31,15-11-2028 11:31
927,927,30,30,pending,28-08-2028 11:31,16-11-2028 11:31
928,928,42,42,pending,29-08-2028 11:31,17-11-2028 11:31
929,929,11,11,rejected,30-08-2028 11:31,18-11-2028 11:31
930,930,32,32,rejected,31-08-2028 11:31,19-11-2028 11:31
931,931,26,26,approved,01-09-2028 11:31,20-11-2028 11:31
932,932,16,16,pending,02-09-2028 11:31,21-11-2028 11:31
933,933,4,4,approved,03-09-2028 11:31,22-11-2028 11:31
934,934,44,44,approved,04-09-2028 11:31,23-11-2028 11:31
935,935,46,46,approved,05-09-2028 11:31,24-11-2028 11:31
936,936,49,49,rejected,06-09-2028 11:31,25-11-2028 11:31
937,937,32,32,rejected,07-09-2028 11:31,26-11-2028 11:31
938,938,18,18,pending,08-09-2028 11:31,27-11-2028 11:31
939,939,38,38,rejected,09-09-2028 11:31,28-11-2028 11:31
940,940,19,19,pending,10-09-2028 11:31,29-11-2028 11:31
941,941,44,44,approved,11-09-2028 11:31,30-11-2028 11:31
942,942,30,30,rejected,12-09-2028 11:31,01-12-2028 11:31
943,943,27,27,rejected,13-09-2028 11:31,02-12-2028 11:31
944,944,43,43,pending,14-09-2028 11:31,03-12-2028 11:31
945,945,1,1,approved,15-09-2028 11:31,04-12-2028 11:31
946,946,17,17,pending,16-09-2028 11:31,05-12-2028 11:31
947,947,27,27,approved,17-09-2028 11:31,06-12-2028 11:31
948,948,46,46,approved,18-09-2028 11:31,07-12-2028 11:31
949,949,8,8,approved,19-09-2028 11:31,08-12-2028 11:31
950,950,9,9,pending,20-09-2028 11:31,09-12-2028 11:31
951,951,37,37,approved,21-09-2028 11:31,10-12-2028 11:31
952,952,5,5,rejected,22-09-2028 11:31,11-12-2028 11:31
953,953,22,22,pending,23-09-2028 11:31,12-12-2028 11:31
954,954,4,4,rejected,24-09-2028 11:31,13-12-2028 11:31
955,955,37,37,rejected,25-09-2028 11:31,14-12-2028 11:31
956,956,3,3,pending,26-09-2028 11:31,15-12-2028 11:31
957,957,42,42,approved,27-09-2028 11:31,16-12-2028 11:31
958,958,32,32,approved,28-09-2028 11:31,17-12-2028 11:31
959,959,49,49,pending,29-09-2028 11:31,18-12-2028 11:31
960,960,14,14,pending,30-09-2028 11:31,19-12-2028 11:31
961,961,12,12,approved,01-10-2028 11:31,20-12-2028 11:31
962,962,42,42,pending,02-10-2028 11:31,21-12-2028 11:31
963,963,28,28,rejected,03-10-2028 11:31,22-12-2028 11:31
964,964,38,38,rejected,04-10-2028 11:31,23-12-2028 11:31
965,965,7,7,rejected,05-10-2028 11:31,24-12-2028 11:31
966,966,13,13,rejected,06-10-2028 11:31,25-12-2028 11:31
967,967,10,10,pending,07-10-2028 11:31,26-12-2028 11:31
968,968,29,29,approved,08-10-2028 11:31,27-12-2028 11:31
969,969,40,40,pending,09-10-2028 11:31,28-12-2028 11:31
970,970,18,18,pending,10-10-2028 11:31,29-12-2028 11:31
971,971,41,41,pending,11-10-2028 11:31,30-12-2028 11:31
972,972,15,15,approved,12-10-2028 11:31,31-12-2028 11:31
973,973,7,7,rejected,13-10-2028 11:31,01-01-2029 11:31
974,974,22,22,pending,14-10-2028 11:31,02-01-2029 11:31
975,975,28,28,pending,15-10-2028 11:31,03-01-2029 11:31
976,976,35,35,rejected,16-10-2028 11:31,04-01-2029 11:31
977,977,44,44,rejected,17-10-2028 11:31,05-01-2029 11:31
978,978,49,49,rejected,18-10-2028 11:31,06-01-2029 11:31
979,979,23,23,approved,19-10-2028 11:31,07-01-2029 11:31
980,980,37,37,rejected,20-10-2028 11:31,08-01-2029 11:31
981,981,37,37,approved,21-10-2028 11:31,09-01-2029 11:31
982,982,42,42,rejected,22-10-2028 11:31,10-01-2029 11:31
983,983,26,26,pending,23-10-2028 11:31,11-01-2029 11:31
984,984,49,49,approved,24-10-2028 11:31,12-01-2029 11:31
985,985,29,29,rejected,25-10-2028 11:31,13-01-2029 11:31
986,986,27,27,rejected,26-10-2028 11:31,14-01-2029 11:31
987,987,41,41,pending,27-10-2028 11:31,15-01-2029 11:31
988,988,41,41,approved,28-10-2028 11:31,16-01-2029 11:31
989,989,28,28,pending,29-10-2028 11:31,17-01-2029 11:31
990,990,15,15,pending,30-10-2028 11:31,18-01-2029 11:31
991,991,45,45,pending,31-10-2028 11:31,19-01-2029 11:31
992,992,25,25,pending,01-11-2028 11:31,20-01-2029 11:31
993,993,40,40,approved,02-11-2028 11:31,21-01-2029 11:31
994,994,50,50,pending,03-11-2028 11:31,22-01-2029 11:31
995,995,26,26,approved,04-11-2028 11:31,23-01-2029 11:31
996,996,49,49,approved,05-11-2028 11:31,24-01-2029 11:31
997,997,44,44,pending,06-11-2028 11:31,25-01-2029 11:31
998,998,2,2,pending,07-11-2028 11:31,26-01-2029 11:31
999,999,23,23,approved,08-11-2028 11:31,27-01-2029 11:31
1000,1000,1,1,pending,09-11-2028 11:31,28-01-2029 11:31
