comment_id,post_id,user_id,comment_text,created_at,updated_at
1,1,1,This is comment 1 by user 1,14-02-2026 11:25,14-02-2026 11:25
2,2,2,This is comment 2 by user 2,14-02-2026 11:25,14-02-2026 11:25
3,3,3,This is comment 3 by user 3,14-02-2026 11:25,14-02-2026 11:25
4,4,4,This is comment 4 by user 4,14-02-2026 11:25,14-02-2026 11:25
5,5,5,This is comment 5 by user 5,14-02-2026 11:25,14-02-2026 11:25
6,6,6,This is comment 6 by user 6,14-02-2026 11:25,14-02-2026 11:25
7,7,7,This is comment 7 by user 7,14-02-2026 11:25,14-02-2026 11:25
8,8,8,This is comment 8 by user 8,14-02-2026 11:25,14-02-2026 11:25
9,9,9,This is comment 9 by user 9,14-02-2026 11:25,14-02-2026 11:25
10,10,10,This is comment 10 by user 10,14-02-2026 11:25,14-02-2026 11:25
11,11,11,This is comment 11 by user 11,14-02-2026 11:25,14-02-2026 11:25
12,12,12,This is comment 12 by user 12,14-02-2026 11:25,14-02-2026 11:25
13,13,13,This is comment 13 by user 13,14-02-2026 11:25,14-02-2026 11:25
14,14,14,This is comment 14 by user 14,14-02-2026 11:25,14-02-2026 11:25
15,15,15,This is comment 15 by user 15,14-02-2026 11:25,14-02-2026 11:25
16,16,16,This is comment 16 by user 16,14-02-2026 11:25,14-02-2026 11:25
17,17,17,This is comment 17 by user 17,14-02-2026 11:25,14-02-2026 11:25
18,18,18,This is comment 18 by user 18,14-02-2026 11:25,14-02-2026 11:25
19,19,19,This is comment 19 by user 19,14-02-2026 11:25,14-02-2026 11:25
20,20,20,This is comment 20 by user 20,14-02-2026 11:25,14-02-2026 11:25
21,21,21,This is comment 21 by user 21,14-02-2026 11:25,14-02-2026 11:25
22,22,22,This is comment 22 by user 22,14-02-2026 11:25,14-02-2026 11:25
23,23,23,This is comment 23 by user 23,14-02-2026 11:25,14-02-2026 11:25
24,24,24,This is comment 24 by user 24,14-02-2026 11:25,14-02-2026 11:25
25,25,25,This is comment 25 by user 25,14-02-2026 11:25,14-02-2026 11:25
26,26,26,This is comment 26 by user 26,14-02-2026 11:25,14-02-2026 11:25
27,27,27,This is comment 27 by user 27,14-02-2026 11:25,14-02-2026 11:25
28,28,28,This is comment 28 by user 28,14-02-2026 11:25,14-02-2026 11:25
29,29,29,This is comment 29 by user 29,14-02-2026 11:25,14-02-2026 11:25
30,30,30,This is comment 30 by user 30,14-02-2026 11:25,14-02-2026 11:25
31,31,31,This is comment 31 by user 31,14-02-2026 11:25,14-02-2026 11:25
32,32,32,This is comment 32 by user 32,14-02-2026 11:25,14-02-2026 11:25
33,33,33,This is comment 33 by user 33,14-02-2026 11:25,14-02-2026 11:25
34,34,34,This is comment 34 by user 34,14-02-2026 11:25,14-02-2026 11:25
35,35,35,This is comment 35 by user 35,14-02-2026 11:25,14-02-2026 11:25
36,36,36,This is comment 36 by user 36,14-02-2026 11:25,14-02-2026 11:25
37,37,37,This is comment 37 by user 37,14-02-2026 11:25,14-02-2026 11:25
38,38,38,This is comment 38 by user 38,14-02-2026 11:25,14-02-2026 11:25
39,39,39,This is comment 39 by user 39,14-02-2026 11:25,14-02-2026 11:25
40,40,40,This is comment 40 by user 40,14-02-2026 11:25,14-02-2026 11:25
41,41,41,This is comment 41 by user 41,14-02-2026 11:25,14-02-2026 11:25
42,42,42,This is comment 42 by user 42,14-02-2026 11:25,14-02-2026 11:25
43,43,43,This is comment 43 by user 43,14-02-2026 11:25,14-02-2026 11:25
44,44,44,This is comment 44 by user 44,14-02-2026 11:25,14-02-2026 11:25
45,45,45,This is comment 45 by user 45,14-02-2026 11:25,14-02-2026 11:25
46,46,46,This is comment 46 by user 46,14-02-2026 11:25,14-02-2026 11:25
47,47,47,This is comment 47 by user 47,14-02-2026 11:25,14-02-2026 11:25
48,48,48,This is comment 48 by user 48,14-02-2026 11:25,14-02-2026 11:25
49,49,49,This is comment 49 by user 49,14-02-2026 11:25,14-02-2026 11:25
50,50,50,This is comment 50 by user 50,14-02-2026 11:25,14-02-2026 11:25
51,51,51,This is comment 51 by user 51,14-02-2026 11:25,14-02-2026 11:25
52,52,52,This is comment 52 by user 52,14-02-2026 11:25,14-02-2026 11:25
53,53,53,This is comment 53 by user 53,14-02-2026 11:25,14-02-2026 11:25
54,54,54,This is comment 54 by user 54,14-02-2026 11:25,14-02-2026 11:25
55,55,55,This is comment 55 by user 55,14-02-2026 11:25,14-02-2026 11:25
56,56,56,This is comment 56 by user 56,14-02-2026 11:25,14-02-2026 11:25
57,57,57,This is comment 57 by user 57,14-02-2026 11:25,14-02-2026 11:25
58,58,58,This is comment 58 by user 58,14-02-2026 11:25,14-02-2026 11:25
59,59,59,This is comment 59 by user 59,14-02-2026 11:25,14-02-2026 11:25
60,60,60,This is comment 60 by user 60,14-02-2026 11:25,14-02-2026 11:25
61,61,61,This is comment 61 by user 61,14-02-2026 11:25,14-02-2026 11:25
62,62,62,This is comment 62 by user 62,14-02-2026 11:25,14-02-2026 11:25
63,63,63,This is comment 63 by user 63,14-02-2026 11:25,14-02-2026 11:25
64,64,64,This is comment 64 by user 64,14-02-2026 11:25,14-02-2026 11:25
65,65,65,This is comment 65 by user 65,14-02-2026 11:25,14-02-2026 11:25
66,66,66,This is comment 66 by user 66,14-02-2026 11:25,14-02-2026 11:25
67,67,67,This is comment 67 by user 67,14-02-2026 11:25,14-02-2026 11:25
68,68,68,This is comment 68 by user 68,14-02-2026 11:25,14-02-2026 11:25
69,69,69,This is comment 69 by user 69,14-02-2026 11:25,14-02-2026 11:25
70,70,70,This is comment 70 by user 70,14-02-2026 11:25,14-02-2026 11:25
71,71,71,This is comment 71 by user 71,14-02-2026 11:25,14-02-2026 11:25
72,72,72,This is comment 72 by user 72,14-02-2026 11:25,14-02-2026 11:25
73,73,73,This is comment 73 by user 73,14-02-2026 11:25,14-02-2026 11:25
74,74,74,This is comment 74 by user 74,14-02-2026 11:25,14-02-2026 11:25
75,75,75,This is comment 75 by user 75,14-02-2026 11:25,14-02-2026 11:25
76,76,76,This is comment 76 by user 76,14-02-2026 11:25,14-02-2026 11:25
77,77,77,This is comment 77 by user 77,14-02-2026 11:25,14-02-2026 11:25
78,78,78,This is comment 78 by user 78,14-02-2026 11:25,14-02-2026 11:25
79,79,79,This is comment 79 by user 79,14-02-2026 11:25,14-02-2026 11:25
80,80,80,This is comment 80 by user 80,14-02-2026 11:25,14-02-2026 11:25
81,81,81,This is comment 81 by user 81,14-02-2026 11:25,14-02-2026 11:25
82,82,82,This is comment 82 by user 82,14-02-2026 11:25,14-02-2026 11:25
83,83,83,This is comment 83 by user 83,14-02-2026 11:25,14-02-2026 11:25
84,84,84,This is comment 84 by user 84,14-02-2026 11:25,14-02-2026 11:25
85,85,85,This is comment 85 by user 85,14-02-2026 11:25,14-02-2026 11:25
86,86,86,This is comment 86 by user 86,14-02-2026 11:25,14-02-2026 11:25
87,87,87,This is comment 87 by user 87,14-02-2026 11:25,14-02-2026 11:25
88,88,88,This is comment 88 by user 88,14-02-2026 11:25,14-02-2026 11:25
89,89,89,This is comment 89 by user 89,14-02-2026 11:25,14-02-2026 11:25
90,90,90,This is comment 90 by user 90,14-02-2026 11:25,14-02-2026 11:25
91,91,91,This is comment 91 by user 91,14-02-2026 11:25,14-02-2026 11:25
92,92,92,This is comment 92 by user 92,14-02-2026 11:25,14-02-2026 11:25
93,93,93,This is comment 93 by user 93,14-02-2026 11:25,14-02-2026 11:25
94,94,94,This is comment 94 by user 94,14-02-2026 11:25,14-02-2026 11:25
95,95,95,This is comment 95 by user 95,14-02-2026 11:25,14-02-2026 11:25
96,96,96,This is comment 96 by user 96,14-02-2026 11:25,14-02-2026 11:25
97,97,97,This is comment 97 by user 97,14-02-2026 11:25,14-02-2026 11:25
98,98,98,This is comment 98 by user 98,14-02-2026 11:25,14-02-2026 11:25
99,99,99,This is comment 99 by user 99,14-02-2026 11:25,14-02-2026 11:25
100,100,100,This is comment 100 by user 100,14-02-2026 11:25,14-02-2026 11:25
101,101,101,This is comment 101 by user 101,14-02-2026 11:25,14-02-2026 11:25
102,102,102,This is comment 102 by user 102,14-02-2026 11:25,14-02-2026 11:25
103,103,103,This is comment 103 by user 103,14-02-2026 11:25,14-02-2026 11:25
104,104,104,This is comment 104 by user 104,14-02-2026 11:25,14-02-2026 11:25
105,105,105,This is comment 105 by user 105,14-02-2026 11:25,14-02-2026 11:25
106,106,106,This is comment 106 by user 106,14-02-2026 11:25,14-02-2026 11:25
107,107,107,This is comment 107 by user 107,14-02-2026 11:25,14-02-2026 11:25
108,108,108,This is comment 108 by user 108,14-02-2026 11:25,14-02-2026 11:25
109,109,109,This is comment 109 by user 109,14-02-2026 11:25,14-02-2026 11:25
110,110,110,This is comment 110 by user 110,14-02-2026 11:25,14-02-2026 11:25
111,111,111,This is comment 111 by user 111,14-02-2026 11:25,14-02-2026 11:25
112,112,112,This is comment 112 by user 112,14-02-2026 11:25,14-02-2026 11:25
113,113,113,This is comment 113 by user 113,14-02-2026 11:25,14-02-2026 11:25
114,114,114,This is comment 114 by user 114,14-02-2026 11:25,14-02-2026 11:25
115,115,115,This is comment 115 by user 115,14-02-2026 11:25,14-02-2026 11:25
116,116,116,This is comment 116 by user 116,14-02-2026 11:25,14-02-2026 11:25
117,117,117,This is comment 117 by user 117,14-02-2026 11:25,14-02-2026 11:25
118,118,118,This is comment 118 by user 118,14-02-2026 11:25,14-02-2026 11:25
119,119,119,This is comment 119 by user 119,14-02-2026 11:25,14-02-2026 11:25
120,120,120,This is comment 120 by user 120,14-02-2026 11:25,14-02-2026 11:25
121,121,121,This is comment 121 by user 121,14-02-2026 11:25,14-02-2026 11:25
122,122,122,This is comment 122 by user 122,14-02-2026 11:25,14-02-2026 11:25
123,123,123,This is comment 123 by user 123,14-02-2026 11:25,14-02-2026 11:25
124,124,124,This is comment 124 by user 124,14-02-2026 11:25,14-02-2026 11:25
125,125,125,This is comment 125 by user 125,14-02-2026 11:25,14-02-2026 11:25
126,126,126,This is comment 126 by user 126,14-02-2026 11:25,14-02-2026 11:25
127,127,127,This is comment 127 by user 127,14-02-2026 11:25,14-02-2026 11:25
128,128,128,This is comment 128 by user 128,14-02-2026 11:25,14-02-2026 11:25
129,129,129,This is comment 129 by user 129,14-02-2026 11:25,14-02-2026 11:25
130,130,130,This is comment 130 by user 130,14-02-2026 11:25,14-02-2026 11:25
131,131,131,This is comment 131 by user 131,14-02-2026 11:25,14-02-2026 11:25
132,132,132,This is comment 132 by user 132,14-02-2026 11:25,14-02-2026 11:25
133,133,133,This is comment 133 by user 133,14-02-2026 11:25,14-02-2026 11:25
134,134,134,This is comment 134 by user 134,14-02-2026 11:25,14-02-2026 11:25
135,135,135,This is comment 135 by user 135,14-02-2026 11:25,14-02-2026 11:25
136,136,136,This is comment 136 by user 136,14-02-2026 11:25,14-02-2026 11:25
137,137,137,This is comment 137 by user 137,14-02-2026 11:25,14-02-2026 11:25
138,138,138,This is comment 138 by user 138,14-02-2026 11:25,14-02-2026 11:25
139,139,139,This is comment 139 by user 139,14-02-2026 11:25,14-02-2026 11:25
140,140,140,This is comment 140 by user 140,14-02-2026 11:25,14-02-2026 11:25
141,141,141,This is comment 141 by user 141,14-02-2026 11:25,14-02-2026 11:25
142,142,142,This is comment 142 by user 142,14-02-2026 11:25,14-02-2026 11:25
143,143,143,This is comment 143 by user 143,14-02-2026 11:25,14-02-2026 11:25
144,144,144,This is comment 144 by user 144,14-02-2026 11:25,14-02-2026 11:25
145,145,145,This is comment 145 by user 145,14-02-2026 11:25,14-02-2026 11:25
146,146,146,This is comment 146 by user 146,14-02-2026 11:25,14-02-2026 11:25
147,147,147,This is comment 147 by user 147,14-02-2026 11:25,14-02-2026 11:25
148,148,148,This is comment 148 by user 148,14-02-2026 11:25,14-02-2026 11:25
149,149,149,This is comment 149 by user 149,14-02-2026 11:25,14-02-2026 11:25
150,150,150,This is comment 150 by user 150,14-02-2026 11:25,14-02-2026 11:25
151,151,151,This is comment 151 by user 151,14-02-2026 11:25,14-02-2026 11:25
152,152,152,This is comment 152 by user 152,14-02-2026 11:25,14-02-2026 11:25
153,153,153,This is comment 153 by user 153,14-02-2026 11:25,14-02-2026 11:25
154,154,154,This is comment 154 by user 154,14-02-2026 11:25,14-02-2026 11:25
155,155,155,This is comment 155 by user 155,14-02-2026 11:25,14-02-2026 11:25
156,156,156,This is comment 156 by user 156,14-02-2026 11:25,14-02-2026 11:25
157,157,157,This is comment 157 by user 157,14-02-2026 11:25,14-02-2026 11:25
158,158,158,This is comment 158 by user 158,14-02-2026 11:25,14-02-2026 11:25
159,159,159,This is comment 159 by user 159,14-02-2026 11:25,14-02-2026 11:25
160,160,160,This is comment 160 by user 160,14-02-2026 11:25,14-02-2026 11:25
161,161,161,This is comment 161 by user 161,14-02-2026 11:25,14-02-2026 11:25
162,162,162,This is comment 162 by user 162,14-02-2026 11:25,14-02-2026 11:25
163,163,163,This is comment 163 by user 163,14-02-2026 11:25,14-02-2026 11:25
164,164,164,This is comment 164 by user 164,14-02-2026 11:25,14-02-2026 11:25
165,165,165,This is comment 165 by user 165,14-02-2026 11:25,14-02-2026 11:25
166,166,166,This is comment 166 by user 166,14-02-2026 11:25,14-02-2026 11:25
167,167,167,This is comment 167 by user 167,14-02-2026 11:25,14-02-2026 11:25
168,168,168,This is comment 168 by user 168,14-02-2026 11:25,14-02-2026 11:25
169,169,169,This is comment 169 by user 169,14-02-2026 11:25,14-02-2026 11:25
170,170,170,This is comment 170 by user 170,14-02-2026 11:25,14-02-2026 11:25
171,171,171,This is comment 171 by user 171,14-02-2026 11:25,14-02-2026 11:25
172,172,172,This is comment 172 by user 172,14-02-2026 11:25,14-02-2026 11:25
173,173,173,This is comment 173 by user 173,14-02-2026 11:25,14-02-2026 11:25
174,174,174,This is comment 174 by user 174,14-02-2026 11:25,14-02-2026 11:25
175,175,175,This is comment 175 by user 175,14-02-2026 11:25,14-02-2026 11:25
176,176,176,This is comment 176 by user 176,14-02-2026 11:25,14-02-2026 11:25
177,177,177,This is comment 177 by user 177,14-02-2026 11:25,14-02-2026 11:25
178,178,178,This is comment 178 by user 178,14-02-2026 11:25,14-02-2026 11:25
179,179,179,This is comment 179 by user 179,14-02-2026 11:25,14-02-2026 11:25
180,180,180,This is comment 180 by user 180,14-02-2026 11:25,14-02-2026 11:25
181,181,181,This is comment 181 by user 181,14-02-2026 11:25,14-02-2026 11:25
182,182,182,This is comment 182 by user 182,14-02-2026 11:25,14-02-2026 11:25
183,183,183,This is comment 183 by user 183,14-02-2026 11:25,14-02-2026 11:25
184,184,184,This is comment 184 by user 184,14-02-2026 11:25,14-02-2026 11:25
185,185,185,This is comment 185 by user 185,14-02-2026 11:25,14-02-2026 11:25
186,186,186,This is comment 186 by user 186,14-02-2026 11:25,14-02-2026 11:25
187,187,187,This is comment 187 by user 187,14-02-2026 11:25,14-02-2026 11:25
188,188,188,This is comment 188 by user 188,14-02-2026 11:25,14-02-2026 11:25
189,189,189,This is comment 189 by user 189,14-02-2026 11:25,14-02-2026 11:25
190,190,190,This is comment 190 by user 190,14-02-2026 11:25,14-02-2026 11:25
191,191,191,This is comment 191 by user 191,14-02-2026 11:25,14-02-2026 11:25
192,192,192,This is comment 192 by user 192,14-02-2026 11:25,14-02-2026 11:25
193,193,193,This is comment 193 by user 193,14-02-2026 11:25,14-02-2026 11:25
194,194,194,This is comment 194 by user 194,14-02-2026 11:25,14-02-2026 11:25
195,195,195,This is comment 195 by user 195,14-02-2026 11:25,14-02-2026 11:25
196,196,196,This is comment 196 by user 196,14-02-2026 11:25,14-02-2026 11:25
197,197,197,This is comment 197 by user 197,14-02-2026 11:25,14-02-2026 11:25
198,198,198,This is comment 198 by user 198,14-02-2026 11:25,14-02-2026 11:25
199,199,199,This is comment 199 by user 199,14-02-2026 11:25,14-02-2026 11:25
200,200,200,This is comment 200 by user 200,14-02-2026 11:25,14-02-2026 11:25
201,201,201,This is comment 201 by user 201,14-02-2026 11:25,14-02-2026 11:25
202,202,202,This is comment 202 by user 202,14-02-2026 11:25,14-02-2026 11:25
203,203,203,This is comment 203 by user 203,14-02-2026 11:25,14-02-2026 11:25
204,204,204,This is comment 204 by user 204,14-02-2026 11:25,14-02-2026 11:25
205,205,205,This is comment 205 by user 205,14-02-2026 11:25,14-02-2026 11:25
206,206,206,This is comment 206 by user 206,14-02-2026 11:25,14-02-2026 11:25
207,207,207,This is comment 207 by user 207,14-02-2026 11:25,14-02-2026 11:25
208,208,208,This is comment 208 by user 208,14-02-2026 11:25,14-02-2026 11:25
209,209,209,This is comment 209 by user 209,14-02-2026 11:25,14-02-2026 11:25
210,210,210,This is comment 210 by user 210,14-02-2026 11:25,14-02-2026 11:25
211,211,211,This is comment 211 by user 211,14-02-2026 11:25,14-02-2026 11:25
212,212,212,This is comment 212 by user 212,14-02-2026 11:25,14-02-2026 11:25
213,213,213,This is comment 213 by user 213,14-02-2026 11:25,14-02-2026 11:25
214,214,214,This is comment 214 by user 214,14-02-2026 11:25,14-02-2026 11:25
215,215,215,This is comment 215 by user 215,14-02-2026 11:25,14-02-2026 11:25
216,216,216,This is comment 216 by user 216,14-02-2026 11:25,14-02-2026 11:25
217,217,217,This is comment 217 by user 217,14-02-2026 11:25,14-02-2026 11:25
218,218,218,This is comment 218 by user 218,14-02-2026 11:25,14-02-2026 11:25
219,219,219,This is comment 219 by user 219,14-02-2026 11:25,14-02-2026 11:25
220,220,220,This is comment 220 by user 220,14-02-2026 11:25,14-02-2026 11:25
221,221,221,This is comment 221 by user 221,14-02-2026 11:25,14-02-2026 11:25
222,222,222,This is comment 222 by user 222,14-02-2026 11:25,14-02-2026 11:25
223,223,223,This is comment 223 by user 223,14-02-2026 11:25,14-02-2026 11:25
224,224,224,This is comment 224 by user 224,14-02-2026 11:25,14-02-2026 11:25
225,225,225,This is comment 225 by user 225,14-02-2026 11:25,14-02-2026 11:25
226,226,226,This is comment 226 by user 226,14-02-2026 11:25,14-02-2026 11:25
227,227,227,This is comment 227 by user 227,14-02-2026 11:25,14-02-2026 11:25
228,228,228,This is comment 228 by user 228,14-02-2026 11:25,14-02-2026 11:25
229,229,229,This is comment 229 by user 229,14-02-2026 11:25,14-02-2026 11:25
230,230,230,This is comment 230 by user 230,14-02-2026 11:25,14-02-2026 11:25
231,231,231,This is comment 231 by user 231,14-02-2026 11:25,14-02-2026 11:25
232,232,232,This is comment 232 by user 232,14-02-2026 11:25,14-02-2026 11:25
233,233,233,This is comment 233 by user 233,14-02-2026 11:25,14-02-2026 11:25
234,234,234,This is comment 234 by user 234,14-02-2026 11:25,14-02-2026 11:25
235,235,235,This is comment 235 by user 235,14-02-2026 11:25,14-02-2026 11:25
236,236,236,This is comment 236 by user 236,14-02-2026 11:25,14-02-2026 11:25
237,237,237,This is comment 237 by user 237,14-02-2026 11:25,14-02-2026 11:25
238,238,238,This is comment 238 by user 238,14-02-2026 11:25,14-02-2026 11:25
239,239,239,This is comment 239 by user 239,14-02-2026 11:25,14-02-2026 11:25
240,240,240,This is comment 240 by user 240,14-02-2026 11:25,14-02-2026 11:25
241,241,241,This is comment 241 by user 241,14-02-2026 11:25,14-02-2026 11:25
242,242,242,This is comment 242 by user 242,14-02-2026 11:25,14-02-2026 11:25
243,243,243,This is comment 243 by user 243,14-02-2026 11:25,14-02-2026 11:25
244,244,244,This is comment 244 by user 244,14-02-2026 11:25,14-02-2026 11:25
245,245,245,This is comment 245 by user 245,14-02-2026 11:25,14-02-2026 11:25
246,246,246,This is comment 246 by user 246,14-02-2026 11:25,14-02-2026 11:25
247,247,247,This is comment 247 by user 247,14-02-2026 11:25,14-02-2026 11:25
248,248,248,This is comment 248 by user 248,14-02-2026 11:25,14-02-2026 11:25
249,249,249,This is comment 249 by user 249,14-02-2026 11:25,14-02-2026 11:25
250,250,250,This is comment 250 by user 250,14-02-2026 11:25,14-02-2026 11:25
251,251,251,This is comment 251 by user 251,14-02-2026 11:25,14-02-2026 11:25
252,252,252,This is comment 252 by user 252,14-02-2026 11:25,14-02-2026 11:25
253,253,253,This is comment 253 by user 253,14-02-2026 11:25,14-02-2026 11:25
254,254,254,This is comment 254 by user 254,14-02-2026 11:25,14-02-2026 11:25
255,255,255,This is comment 255 by user 255,14-02-2026 11:25,14-02-2026 11:25
256,256,256,This is comment 256 by user 256,14-02-2026 11:25,14-02-2026 11:25
257,257,257,This is comment 257 by user 257,14-02-2026 11:25,14-02-2026 11:25
258,258,258,This is comment 258 by user 258,14-02-2026 11:25,14-02-2026 11:25
259,259,259,This is comment 259 by user 259,14-02-2026 11:25,14-02-2026 11:25
260,260,260,This is comment 260 by user 260,14-02-2026 11:25,14-02-2026 11:25
261,261,261,This is comment 261 by user 261,14-02-2026 11:25,14-02-2026 11:25
262,262,262,This is comment 262 by user 262,14-02-2026 11:25,14-02-2026 11:25
263,263,263,This is comment 263 by user 263,14-02-2026 11:25,14-02-2026 11:25
264,264,264,This is comment 264 by user 264,14-02-2026 11:25,14-02-2026 11:25
265,265,265,This is comment 265 by user 265,14-02-2026 11:25,14-02-2026 11:25
266,266,266,This is comment 266 by user 266,14-02-2026 11:25,14-02-2026 11:25
267,267,267,This is comment 267 by user 267,14-02-2026 11:25,14-02-2026 11:25
268,268,268,This is comment 268 by user 268,14-02-2026 11:25,14-02-2026 11:25
269,269,269,This is comment 269 by user 269,14-02-2026 11:25,14-02-2026 11:25
270,270,270,This is comment 270 by user 270,14-02-2026 11:25,14-02-2026 11:25
271,271,271,This is comment 271 by user 271,14-02-2026 11:25,14-02-2026 11:25
272,272,272,This is comment 272 by user 272,14-02-2026 11:25,14-02-2026 11:25
273,273,273,This is comment 273 by user 273,14-02-2026 11:25,14-02-2026 11:25
274,274,274,This is comment 274 by user 274,14-02-2026 11:25,14-02-2026 11:25
275,275,275,This is comment 275 by user 275,14-02-2026 11:25,14-02-2026 11:25
276,276,276,This is comment 276 by user 276,14-02-2026 11:25,14-02-2026 11:25
277,277,277,This is comment 277 by user 277,14-02-2026 11:25,14-02-2026 11:25
278,278,278,This is comment 278 by user 278,14-02-2026 11:25,14-02-2026 11:25
279,279,279,This is comment 279 by user 279,14-02-2026 11:25,14-02-2026 11:25
280,280,280,This is comment 280 by user 280,14-02-2026 11:25,14-02-2026 11:25
281,281,281,This is comment 281 by user 281,14-02-2026 11:25,14-02-2026 11:25
282,282,282,This is comment 282 by user 282,14-02-2026 11:25,14-02-2026 11:25
283,283,283,This is comment 283 by user 283,14-02-2026 11:25,14-02-2026 11:25
284,284,284,This is comment 284 by user 284,14-02-2026 11:25,14-02-2026 11:25
285,285,285,This is comment 285 by user 285,14-02-2026 11:25,14-02-2026 11:25
286,286,286,This is comment 286 by user 286,14-02-2026 11:25,14-02-2026 11:25
287,287,287,This is comment 287 by user 287,14-02-2026 11:25,14-02-2026 11:25
288,288,288,This is comment 288 by user 288,14-02-2026 11:25,14-02-2026 11:25
289,289,289,This is comment 289 by user 289,14-02-2026 11:25,14-02-2026 11:25
290,290,290,This is comment 290 by user 290,14-02-2026 11:25,14-02-2026 11:25
291,291,291,This is comment 291 by user 291,14-02-2026 11:25,14-02-2026 11:25
292,292,292,This is comment 292 by user 292,14-02-2026 11:25,14-02-2026 11:25
293,293,293,This is comment 293 by user 293,14-02-2026 11:25,14-02-2026 11:25
294,294,294,This is comment 294 by user 294,14-02-2026 11:25,14-02-2026 11:25
295,295,295,This is comment 295 by user 295,14-02-2026 11:25,14-02-2026 11:25
296,296,296,This is comment 296 by user 296,14-02-2026 11:25,14-02-2026 11:25
297,297,297,This is comment 297 by user 297,14-02-2026 11:25,14-02-2026 11:25
298,298,298,This is comment 298 by user 298,14-02-2026 11:25,14-02-2026 11:25
299,299,299,This is comment 299 by user 299,14-02-2026 11:25,14-02-2026 11:25
300,300,300,This is comment 300 by user 300,14-02-2026 11:25,14-02-2026 11:25
301,301,301,This is comment 301 by user 301,14-02-2026 11:25,14-02-2026 11:25
302,302,302,This is comment 302 by user 302,14-02-2026 11:25,14-02-2026 11:25
303,303,303,This is comment 303 by user 303,14-02-2026 11:25,14-02-2026 11:25
304,304,304,This is comment 304 by user 304,14-02-2026 11:25,14-02-2026 11:25
305,305,305,This is comment 305 by user 305,14-02-2026 11:25,14-02-2026 11:25
306,306,306,This is comment 306 by user 306,14-02-2026 11:25,14-02-2026 11:25
307,307,307,This is comment 307 by user 307,14-02-2026 11:25,14-02-2026 11:25
308,308,308,This is comment 308 by user 308,14-02-2026 11:25,14-02-2026 11:25
309,309,309,This is comment 309 by user 309,14-02-2026 11:25,14-02-2026 11:25
310,310,310,This is comment 310 by user 310,14-02-2026 11:25,14-02-2026 11:25
311,311,311,This is comment 311 by user 311,14-02-2026 11:25,14-02-2026 11:25
312,312,312,This is comment 312 by user 312,14-02-2026 11:25,14-02-2026 11:25
313,313,313,This is comment 313 by user 313,14-02-2026 11:25,14-02-2026 11:25
314,314,314,This is comment 314 by user 314,14-02-2026 11:25,14-02-2026 11:25
315,315,315,This is comment 315 by user 315,14-02-2026 11:25,14-02-2026 11:25
316,316,316,This is comment 316 by user 316,14-02-2026 11:25,14-02-2026 11:25
317,317,317,This is comment 317 by user 317,14-02-2026 11:25,14-02-2026 11:25
318,318,318,This is comment 318 by user 318,14-02-2026 11:25,14-02-2026 11:25
319,319,319,This is comment 319 by user 319,14-02-2026 11:25,14-02-2026 11:25
320,320,320,This is comment 320 by user 320,14-02-2026 11:25,14-02-2026 11:25
321,321,321,This is comment 321 by user 321,14-02-2026 11:25,14-02-2026 11:25
322,322,322,This is comment 322 by user 322,14-02-2026 11:25,14-02-2026 11:25
323,323,323,This is comment 323 by user 323,14-02-2026 11:25,14-02-2026 11:25
324,324,324,This is comment 324 by user 324,14-02-2026 11:25,14-02-2026 11:25
325,325,325,This is comment 325 by user 325,14-02-2026 11:25,14-02-2026 11:25
326,326,326,This is comment 326 by user 326,14-02-2026 11:25,14-02-2026 11:25
327,327,327,This is comment 327 by user 327,14-02-2026 11:25,14-02-2026 11:25
328,328,328,This is comment 328 by user 328,14-02-2026 11:25,14-02-2026 11:25
329,329,329,This is comment 329 by user 329,14-02-2026 11:25,14-02-2026 11:25
330,330,330,This is comment 330 by user 330,14-02-2026 11:25,14-02-2026 11:25
331,331,331,This is comment 331 by user 331,14-02-2026 11:25,14-02-2026 11:25
332,332,332,This is comment 332 by user 332,14-02-2026 11:25,14-02-2026 11:25
333,333,333,This is comment 333 by user 333,14-02-2026 11:25,14-02-2026 11:25
334,334,334,This is comment 334 by user 334,14-02-2026 11:25,14-02-2026 11:25
335,335,335,This is comment 335 by user 335,14-02-2026 11:25,14-02-2026 11:25
336,336,336,This is comment 336 by user 336,14-02-2026 11:25,14-02-2026 11:25
337,337,337,This is comment 337 by user 337,14-02-2026 11:25,14-02-2026 11:25
338,338,338,This is comment 338 by user 338,14-02-2026 11:25,14-02-2026 11:25
339,339,339,This is comment 339 by user 339,14-02-2026 11:25,14-02-2026 11:25
340,340,340,This is comment 340 by user 340,14-02-2026 11:25,14-02-2026 11:25
341,341,341,This is comment 341 by user 341,14-02-2026 11:25,14-02-2026 11:25
342,342,342,This is comment 342 by user 342,14-02-2026 11:25,14-02-2026 11:25
343,343,343,This is comment 343 by user 343,14-02-2026 11:25,14-02-2026 11:25
344,344,344,This is comment 344 by user 344,14-02-2026 11:25,14-02-2026 11:25
345,345,345,This is comment 345 by user 345,14-02-2026 11:25,14-02-2026 11:25
346,346,346,This is comment 346 by user 346,14-02-2026 11:25,14-02-2026 11:25
347,347,347,This is comment 347 by user 347,14-02-2026 11:25,14-02-2026 11:25
348,348,348,This is comment 348 by user 348,14-02-2026 11:25,14-02-2026 11:25
349,349,349,This is comment 349 by user 349,14-02-2026 11:25,14-02-2026 11:25
350,350,350,This is comment 350 by user 350,14-02-2026 11:25,14-02-2026 11:25
351,351,351,This is comment 351 by user 351,14-02-2026 11:25,14-02-2026 11:25
352,352,352,This is comment 352 by user 352,14-02-2026 11:25,14-02-2026 11:25
353,353,353,This is comment 353 by user 353,14-02-2026 11:25,14-02-2026 11:25
354,354,354,This is comment 354 by user 354,14-02-2026 11:25,14-02-2026 11:25
355,355,355,This is comment 355 by user 355,14-02-2026 11:25,14-02-2026 11:25
356,356,356,This is comment 356 by user 356,14-02-2026 11:25,14-02-2026 11:25
357,357,357,This is comment 357 by user 357,14-02-2026 11:25,14-02-2026 11:25
358,358,358,This is comment 358 by user 358,14-02-2026 11:25,14-02-2026 11:25
359,359,359,This is comment 359 by user 359,14-02-2026 11:25,14-02-2026 11:25
360,360,360,This is comment 360 by user 360,14-02-2026 11:25,14-02-2026 11:25
361,361,361,This is comment 361 by user 361,14-02-2026 11:25,14-02-2026 11:25
362,362,362,This is comment 362 by user 362,14-02-2026 11:25,14-02-2026 11:25
363,363,363,This is comment 363 by user 363,14-02-2026 11:25,14-02-2026 11:25
364,364,364,This is comment 364 by user 364,14-02-2026 11:25,14-02-2026 11:25
365,365,365,This is comment 365 by user 365,14-02-2026 11:25,14-02-2026 11:25
366,366,366,This is comment 366 by user 366,14-02-2026 11:25,14-02-2026 11:25
367,367,367,This is comment 367 by user 367,14-02-2026 11:25,14-02-2026 11:25
368,368,368,This is comment 368 by user 368,14-02-2026 11:25,14-02-2026 11:25
369,369,369,This is comment 369 by user 369,14-02-2026 11:25,14-02-2026 11:25
370,370,370,This is comment 370 by user 370,14-02-2026 11:25,14-02-2026 11:25
371,371,371,This is comment 371 by user 371,14-02-2026 11:25,14-02-2026 11:25
372,372,372,This is comment 372 by user 372,14-02-2026 11:25,14-02-2026 11:25
373,373,373,This is comment 373 by user 373,14-02-2026 11:25,14-02-2026 11:25
374,374,374,This is comment 374 by user 374,14-02-2026 11:25,14-02-2026 11:25
375,375,375,This is comment 375 by user 375,14-02-2026 11:25,14-02-2026 11:25
376,376,376,This is comment 376 by user 376,14-02-2026 11:25,14-02-2026 11:25
377,377,377,This is comment 377 by user 377,14-02-2026 11:25,14-02-2026 11:25
378,378,378,This is comment 378 by user 378,14-02-2026 11:25,14-02-2026 11:25
379,379,379,This is comment 379 by user 379,14-02-2026 11:25,14-02-2026 11:25
380,380,380,This is comment 380 by user 380,14-02-2026 11:25,14-02-2026 11:25
381,381,381,This is comment 381 by user 381,14-02-2026 11:25,14-02-2026 11:25
382,382,382,This is comment 382 by user 382,14-02-2026 11:25,14-02-2026 11:25
383,383,383,This is comment 383 by user 383,14-02-2026 11:25,14-02-2026 11:25
384,384,384,This is comment 384 by user 384,14-02-2026 11:25,14-02-2026 11:25
385,385,385,This is comment 385 by user 385,14-02-2026 11:25,14-02-2026 11:25
386,386,386,This is comment 386 by user 386,14-02-2026 11:25,14-02-2026 11:25
387,387,387,This is comment 387 by user 387,14-02-2026 11:25,14-02-2026 11:25
388,388,388,This is comment 388 by user 388,14-02-2026 11:25,14-02-2026 11:25
389,389,389,This is comment 389 by user 389,14-02-2026 11:25,14-02-2026 11:25
390,390,390,This is comment 390 by user 390,14-02-2026 11:25,14-02-2026 11:25
391,391,391,This is comment 391 by user 391,14-02-2026 11:25,14-02-2026 11:25
392,392,392,This is comment 392 by user 392,14-02-2026 11:25,14-02-2026 11:25
393,393,393,This is comment 393 by user 393,14-02-2026 11:25,14-02-2026 11:25
394,394,394,This is comment 394 by user 394,14-02-2026 11:25,14-02-2026 11:25
395,395,395,This is comment 395 by user 395,14-02-2026 11:25,14-02-2026 11:25
396,396,396,This is comment 396 by user 396,14-02-2026 11:25,14-02-2026 11:25
397,397,397,This is comment 397 by user 397,14-02-2026 11:25,14-02-2026 11:25
398,398,398,This is comment 398 by user 398,14-02-2026 11:25,14-02-2026 11:25
399,399,399,This is comment 399 by user 399,14-02-2026 11:25,14-02-2026 11:25
400,400,400,This is comment 400 by user 400,14-02-2026 11:25,14-02-2026 11:25
401,401,401,This is comment 401 by user 401,14-02-2026 11:25,14-02-2026 11:25
402,402,402,This is comment 402 by user 402,14-02-2026 11:25,14-02-2026 11:25
403,403,403,This is comment 403 by user 403,14-02-2026 11:25,14-02-2026 11:25
404,404,404,This is comment 404 by user 404,14-02-2026 11:25,14-02-2026 11:25
405,405,405,This is comment 405 by user 405,14-02-2026 11:25,14-02-2026 11:25
406,406,406,This is comment 406 by user 406,14-02-2026 11:25,14-02-2026 11:25
407,407,407,This is comment 407 by user 407,14-02-2026 11:25,14-02-2026 11:25
408,408,408,This is comment 408 by user 408,14-02-2026 11:25,14-02-2026 11:25
409,409,409,This is comment 409 by user 409,14-02-2026 11:25,14-02-2026 11:25
410,410,410,This is comment 410 by user 410,14-02-2026 11:25,14-02-2026 11:25
411,411,411,This is comment 411 by user 411,14-02-2026 11:25,14-02-2026 11:25
412,412,412,This is comment 412 by user 412,14-02-2026 11:25,14-02-2026 11:25
413,413,413,This is comment 413 by user 413,14-02-2026 11:25,14-02-2026 11:25
414,414,414,This is comment 414 by user 414,14-02-2026 11:25,14-02-2026 11:25
415,415,415,This is comment 415 by user 415,14-02-2026 11:25,14-02-2026 11:25
416,416,416,This is comment 416 by user 416,14-02-2026 11:25,14-02-2026 11:25
417,417,417,This is comment 417 by user 417,14-02-2026 11:25,14-02-2026 11:25
418,418,418,This is comment 418 by user 418,14-02-2026 11:25,14-02-2026 11:25
419,419,419,This is comment 419 by user 419,14-02-2026 11:25,14-02-2026 11:25
420,420,420,This is comment 420 by user 420,14-02-2026 11:25,14-02-2026 11:25
421,421,421,This is comment 421 by user 421,14-02-2026 11:25,14-02-2026 11:25
422,422,422,This is comment 422 by user 422,14-02-2026 11:25,14-02-2026 11:25
423,423,423,This is comment 423 by user 423,14-02-2026 11:25,14-02-2026 11:25
424,424,424,This is comment 424 by user 424,14-02-2026 11:25,14-02-2026 11:25
425,425,425,This is comment 425 by user 425,14-02-2026 11:25,14-02-2026 11:25
426,426,426,This is comment 426 by user 426,14-02-2026 11:25,14-02-2026 11:25
427,427,427,This is comment 427 by user 427,14-02-2026 11:25,14-02-2026 11:25
428,428,428,This is comment 428 by user 428,14-02-2026 11:25,14-02-2026 11:25
429,429,429,This is comment 429 by user 429,14-02-2026 11:25,14-02-2026 11:25
430,430,430,This is comment 430 by user 430,14-02-2026 11:25,14-02-2026 11:25
431,431,431,This is comment 431 by user 431,14-02-2026 11:25,14-02-2026 11:25
432,432,432,This is comment 432 by user 432,14-02-2026 11:25,14-02-2026 11:25
433,433,433,This is comment 433 by user 433,14-02-2026 11:25,14-02-2026 11:25
434,434,434,This is comment 434 by user 434,14-02-2026 11:25,14-02-2026 11:25
435,435,435,This is comment 435 by user 435,14-02-2026 11:25,14-02-2026 11:25
436,436,436,This is comment 436 by user 436,14-02-2026 11:25,14-02-2026 11:25
437,437,437,This is comment 437 by user 437,14-02-2026 11:25,14-02-2026 11:25
438,438,438,This is comment 438 by user 438,14-02-2026 11:25,14-02-2026 11:25
439,439,439,This is comment 439 by user 439,14-02-2026 11:25,14-02-2026 11:25
440,440,440,This is comment 440 by user 440,14-02-2026 11:25,14-02-2026 11:25
441,441,441,This is comment 441 by user 441,14-02-2026 11:25,14-02-2026 11:25
442,442,442,This is comment 442 by user 442,14-02-2026 11:25,14-02-2026 11:25
443,443,443,This is comment 443 by user 443,14-02-2026 11:25,14-02-2026 11:25
444,444,444,This is comment 444 by user 444,14-02-2026 11:25,14-02-2026 11:25
445,445,445,This is comment 445 by user 445,14-02-2026 11:25,14-02-2026 11:25
446,446,446,This is comment 446 by user 446,14-02-2026 11:25,14-02-2026 11:25
447,447,447,This is comment 447 by user 447,14-02-2026 11:25,14-02-2026 11:25
448,448,448,This is comment 448 by user 448,14-02-2026 11:25,14-02-2026 11:25
449,449,449,This is comment 449 by user 449,14-02-2026 11:25,14-02-2026 11:25
450,450,450,This is comment 450 by user 450,14-02-2026 11:25,14-02-2026 11:25
451,451,451,This is comment 451 by user 451,14-02-2026 11:25,14-02-2026 11:25
452,452,452,This is comment 452 by user 452,14-02-2026 11:25,14-02-2026 11:25
453,453,453,This is comment 453 by user 453,14-02-2026 11:25,14-02-2026 11:25
454,454,454,This is comment 454 by user 454,14-02-2026 11:25,14-02-2026 11:25
455,455,455,This is comment 455 by user 455,14-02-2026 11:25,14-02-2026 11:25
456,456,456,This is comment 456 by user 456,14-02-2026 11:25,14-02-2026 11:25
457,457,457,This is comment 457 by user 457,14-02-2026 11:25,14-02-2026 11:25
458,458,458,This is comment 458 by user 458,14-02-2026 11:25,14-02-2026 11:25
459,459,459,This is comment 459 by user 459,14-02-2026 11:25,14-02-2026 11:25
460,460,460,This is comment 460 by user 460,14-02-2026 11:25,14-02-2026 11:25
461,461,461,This is comment 461 by user 461,14-02-2026 11:25,14-02-2026 11:25
462,462,462,This is comment 462 by user 462,14-02-2026 11:25,14-02-2026 11:25
463,463,463,This is comment 463 by user 463,14-02-2026 11:25,14-02-2026 11:25
464,464,464,This is comment 464 by user 464,14-02-2026 11:25,14-02-2026 11:25
465,465,465,This is comment 465 by user 465,14-02-2026 11:25,14-02-2026 11:25
466,466,466,This is comment 466 by user 466,14-02-2026 11:25,14-02-2026 11:25
467,467,467,This is comment 467 by user 467,14-02-2026 11:25,14-02-2026 11:25
468,468,468,This is comment 468 by user 468,14-02-2026 11:25,14-02-2026 11:25
469,469,469,This is comment 469 by user 469,14-02-2026 11:25,14-02-2026 11:25
470,470,470,This is comment 470 by user 470,14-02-2026 11:25,14-02-2026 11:25
471,471,471,This is comment 471 by user 471,14-02-2026 11:25,14-02-2026 11:25
472,472,472,This is comment 472 by user 472,14-02-2026 11:25,14-02-2026 11:25
473,473,473,This is comment 473 by user 473,14-02-2026 11:25,14-02-2026 11:25
474,474,474,This is comment 474 by user 474,14-02-2026 11:25,14-02-2026 11:25
475,475,475,This is comment 475 by user 475,14-02-2026 11:25,14-02-2026 11:25
476,476,476,This is comment 476 by user 476,14-02-2026 11:25,14-02-2026 11:25
477,477,477,This is comment 477 by user 477,14-02-2026 11:25,14-02-2026 11:25
478,478,478,This is comment 478 by user 478,14-02-2026 11:25,14-02-2026 11:25
479,479,479,This is comment 479 by user 479,14-02-2026 11:25,14-02-2026 11:25
480,480,480,This is comment 480 by user 480,14-02-2026 11:25,14-02-2026 11:25
481,481,481,This is comment 481 by user 481,14-02-2026 11:25,14-02-2026 11:25
482,482,482,This is comment 482 by user 482,14-02-2026 11:25,14-02-2026 11:25
483,483,483,This is comment 483 by user 483,14-02-2026 11:25,14-02-2026 11:25
484,484,484,This is comment 484 by user 484,14-02-2026 11:25,14-02-2026 11:25
485,485,485,This is comment 485 by user 485,14-02-2026 11:25,14-02-2026 11:25
486,486,486,This is comment 486 by user 486,14-02-2026 11:25,14-02-2026 11:25
487,487,487,This is comment 487 by user 487,14-02-2026 11:25,14-02-2026 11:25
488,488,488,This is comment 488 by user 488,14-02-2026 11:25,14-02-2026 11:25
489,489,489,This is comment 489 by user 489,14-02-2026 11:25,14-02-2026 11:25
490,490,490,This is comment 490 by user 490,14-02-2026 11:25,14-02-2026 11:25
491,491,491,This is comment 491 by user 491,14-02-2026 11:25,14-02-2026 11:25
492,492,492,This is comment 492 by user 492,14-02-2026 11:25,14-02-2026 11:25
493,493,493,This is comment 493 by user 493,14-02-2026 11:25,14-02-2026 11:25
494,494,494,This is comment 494 by user 494,14-02-2026 11:25,14-02-2026 11:25
495,495,495,This is comment 495 by user 495,14-02-2026 11:25,14-02-2026 11:25
496,496,496,This is comment 496 by user 496,14-02-2026 11:25,14-02-2026 11:25
497,497,497,This is comment 497 by user 497,14-02-2026 11:25,14-02-2026 11:25
498,498,498,This is comment 498 by user 498,14-02-2026 11:25,14-02-2026 11:25
499,499,499,This is comment 499 by user 499,14-02-2026 11:25,14-02-2026 11:25
500,500,500,This is comment 500 by user 500,14-02-2026 11:25,14-02-2026 11:25
501,501,501,This is comment 501 by user 501,14-02-2026 11:25,14-02-2026 11:25
502,502,502,This is comment 502 by user 502,14-02-2026 11:25,14-02-2026 11:25
503,503,503,This is comment 503 by user 503,14-02-2026 11:25,14-02-2026 11:25
504,504,504,This is comment 504 by user 504,14-02-2026 11:25,14-02-2026 11:25
505,505,505,This is comment 505 by user 505,14-02-2026 11:25,14-02-2026 11:25
506,506,506,This is comment 506 by user 506,14-02-2026 11:25,14-02-2026 11:25
507,507,507,This is comment 507 by user 507,14-02-2026 11:25,14-02-2026 11:25
508,508,508,This is comment 508 by user 508,14-02-2026 11:25,14-02-2026 11:25
509,509,509,This is comment 509 by user 509,14-02-2026 11:25,14-02-2026 11:25
510,510,510,This is comment 510 by user 510,14-02-2026 11:25,14-02-2026 11:25
511,511,511,This is comment 511 by user 511,14-02-2026 11:25,14-02-2026 11:25
512,512,512,This is comment 512 by user 512,14-02-2026 11:25,14-02-2026 11:25
513,513,513,This is comment 513 by user 513,14-02-2026 11:25,14-02-2026 11:25
514,514,514,This is comment 514 by user 514,14-02-2026 11:25,14-02-2026 11:25
515,515,515,This is comment 515 by user 515,14-02-2026 11:25,14-02-2026 11:25
516,516,516,This is comment 516 by user 516,14-02-2026 11:25,14-02-2026 11:25
517,517,517,This is comment 517 by user 517,14-02-2026 11:25,14-02-2026 11:25
518,518,518,This is comment 518 by user 518,14-02-2026 11:25,14-02-2026 11:25
519,519,519,This is comment 519 by user 519,14-02-2026 11:25,14-02-2026 11:25
520,520,520,This is comment 520 by user 520,14-02-2026 11:25,14-02-2026 11:25
521,521,521,This is comment 521 by user 521,14-02-2026 11:25,14-02-2026 11:25
522,522,522,This is comment 522 by user 522,14-02-2026 11:25,14-02-2026 11:25
523,523,523,This is comment 523 by user 523,14-02-2026 11:25,14-02-2026 11:25
524,524,524,This is comment 524 by user 524,14-02-2026 11:25,14-02-2026 11:25
525,525,525,This is comment 525 by user 525,14-02-2026 11:25,14-02-2026 11:25
526,526,526,This is comment 526 by user 526,14-02-2026 11:25,14-02-2026 11:25
527,527,527,This is comment 527 by user 527,14-02-2026 11:25,14-02-2026 11:25
528,528,528,This is comment 528 by user 528,14-02-2026 11:25,14-02-2026 11:25
529,529,529,This is comment 529 by user 529,14-02-2026 11:25,14-02-2026 11:25
530,530,530,This is comment 530 by user 530,14-02-2026 11:25,14-02-2026 11:25
531,531,531,This is comment 531 by user 531,14-02-2026 11:25,14-02-2026 11:25
532,532,532,This is comment 532 by user 532,14-02-2026 11:25,14-02-2026 11:25
533,533,533,This is comment 533 by user 533,14-02-2026 11:25,14-02-2026 11:25
534,534,534,This is comment 534 by user 534,14-02-2026 11:25,14-02-2026 11:25
535,535,535,This is comment 535 by user 535,14-02-2026 11:25,14-02-2026 11:25
536,536,536,This is comment 536 by user 536,14-02-2026 11:25,14-02-2026 11:25
537,537,537,This is comment 537 by user 537,14-02-2026 11:25,14-02-2026 11:25
538,538,538,This is comment 538 by user 538,14-02-2026 11:25,14-02-2026 11:25
539,539,539,This is comment 539 by user 539,14-02-2026 11:25,14-02-2026 11:25
540,540,540,This is comment 540 by user 540,14-02-2026 11:25,14-02-2026 11:25
541,541,541,This is comment 541 by user 541,14-02-2026 11:25,14-02-2026 11:25
542,542,542,This is comment 542 by user 542,14-02-2026 11:25,14-02-2026 11:25
543,543,543,This is comment 543 by user 543,14-02-2026 11:25,14-02-2026 11:25
544,544,544,This is comment 544 by user 544,14-02-2026 11:25,14-02-2026 11:25
545,545,545,This is comment 545 by user 545,14-02-2026 11:25,14-02-2026 11:25
546,546,546,This is comment 546 by user 546,14-02-2026 11:25,14-02-2026 11:25
547,547,547,This is comment 547 by user 547,14-02-2026 11:25,14-02-2026 11:25
548,548,548,This is comment 548 by user 548,14-02-2026 11:25,14-02-2026 11:25
549,549,549,This is comment 549 by user 549,14-02-2026 11:25,14-02-2026 11:25
550,550,550,This is comment 550 by user 550,14-02-2026 11:25,14-02-2026 11:25
551,551,551,This is comment 551 by user 551,14-02-2026 11:25,14-02-2026 11:25
552,552,552,This is comment 552 by user 552,14-02-2026 11:25,14-02-2026 11:25
553,553,553,This is comment 553 by user 553,14-02-2026 11:25,14-02-2026 11:25
554,554,554,This is comment 554 by user 554,14-02-2026 11:25,14-02-2026 11:25
555,555,555,This is comment 555 by user 555,14-02-2026 11:25,14-02-2026 11:25
556,556,556,This is comment 556 by user 556,14-02-2026 11:25,14-02-2026 11:25
557,557,557,This is comment 557 by user 557,14-02-2026 11:25,14-02-2026 11:25
558,558,558,This is comment 558 by user 558,14-02-2026 11:25,14-02-2026 11:25
559,559,559,This is comment 559 by user 559,14-02-2026 11:25,14-02-2026 11:25
560,560,560,This is comment 560 by user 560,14-02-2026 11:25,14-02-2026 11:25
561,561,561,This is comment 561 by user 561,14-02-2026 11:25,14-02-2026 11:25
562,562,562,This is comment 562 by user 562,14-02-2026 11:25,14-02-2026 11:25
563,563,563,This is comment 563 by user 563,14-02-2026 11:25,14-02-2026 11:25
564,564,564,This is comment 564 by user 564,14-02-2026 11:25,14-02-2026 11:25
565,565,565,This is comment 565 by user 565,14-02-2026 11:25,14-02-2026 11:25
566,566,566,This is comment 566 by user 566,14-02-2026 11:25,14-02-2026 11:25
567,567,567,This is comment 567 by user 567,14-02-2026 11:25,14-02-2026 11:25
568,568,568,This is comment 568 by user 568,14-02-2026 11:25,14-02-2026 11:25
569,569,569,This is comment 569 by user 569,14-02-2026 11:25,14-02-2026 11:25
570,570,570,This is comment 570 by user 570,14-02-2026 11:25,14-02-2026 11:25
571,571,571,This is comment 571 by user 571,14-02-2026 11:25,14-02-2026 11:25
572,572,572,This is comment 572 by user 572,14-02-2026 11:25,14-02-2026 11:25
573,573,573,This is comment 573 by user 573,14-02-2026 11:25,14-02-2026 11:25
574,574,574,This is comment 574 by user 574,14-02-2026 11:25,14-02-2026 11:25
575,575,575,This is comment 575 by user 575,14-02-2026 11:25,14-02-2026 11:25
576,576,576,This is comment 576 by user 576,14-02-2026 11:25,14-02-2026 11:25
577,577,577,This is comment 577 by user 577,14-02-2026 11:25,14-02-2026 11:25
578,578,578,This is comment 578 by user 578,14-02-2026 11:25,14-02-2026 11:25
579,579,579,This is comment 579 by user 579,14-02-2026 11:25,14-02-2026 11:25
580,580,580,This is comment 580 by user 580,14-02-2026 11:25,14-02-2026 11:25
581,581,581,This is comment 581 by user 581,14-02-2026 11:25,14-02-2026 11:25
582,582,582,This is comment 582 by user 582,14-02-2026 11:25,14-02-2026 11:25
583,583,583,This is comment 583 by user 583,14-02-2026 11:25,14-02-2026 11:25
584,584,584,This is comment 584 by user 584,14-02-2026 11:25,14-02-2026 11:25
585,585,585,This is comment 585 by user 585,14-02-2026 11:25,14-02-2026 11:25
586,586,586,This is comment 586 by user 586,14-02-2026 11:25,14-02-2026 11:25
587,587,587,This is comment 587 by user 587,14-02-2026 11:25,14-02-2026 11:25
588,588,588,This is comment 588 by user 588,14-02-2026 11:25,14-02-2026 11:25
589,589,589,This is comment 589 by user 589,14-02-2026 11:25,14-02-2026 11:25
590,590,590,This is comment 590 by user 590,14-02-2026 11:25,14-02-2026 11:25
591,591,591,This is comment 591 by user 591,14-02-2026 11:25,14-02-2026 11:25
592,592,592,This is comment 592 by user 592,14-02-2026 11:25,14-02-2026 11:25
593,593,593,This is comment 593 by user 593,14-02-2026 11:25,14-02-2026 11:25
594,594,594,This is comment 594 by user 594,14-02-2026 11:25,14-02-2026 11:25
595,595,595,This is comment 595 by user 595,14-02-2026 11:25,14-02-2026 11:25
596,596,596,This is comment 596 by user 596,14-02-2026 11:25,14-02-2026 11:25
597,597,597,This is comment 597 by user 597,14-02-2026 11:25,14-02-2026 11:25
598,598,598,This is comment 598 by user 598,14-02-2026 11:25,14-02-2026 11:25
599,599,599,This is comment 599 by user 599,14-02-2026 11:25,14-02-2026 11:25
600,600,600,This is comment 600 by user 600,14-02-2026 11:25,14-02-2026 11:25
601,601,601,This is comment 601 by user 601,14-02-2026 11:25,14-02-2026 11:25
602,602,602,This is comment 602 by user 602,14-02-2026 11:25,14-02-2026 11:25
603,603,603,This is comment 603 by user 603,14-02-2026 11:25,14-02-2026 11:25
604,604,604,This is comment 604 by user 604,14-02-2026 11:25,14-02-2026 11:25
605,605,605,This is comment 605 by user 605,14-02-2026 11:25,14-02-2026 11:25
606,606,606,This is comment 606 by user 606,14-02-2026 11:25,14-02-2026 11:25
607,607,607,This is comment 607 by user 607,14-02-2026 11:25,14-02-2026 11:25
608,608,608,This is comment 608 by user 608,14-02-2026 11:25,14-02-2026 11:25
609,609,609,This is comment 609 by user 609,14-02-2026 11:25,14-02-2026 11:25
610,610,610,This is comment 610 by user 610,14-02-2026 11:25,14-02-2026 11:25
611,611,611,This is comment 611 by user 611,14-02-2026 11:25,14-02-2026 11:25
612,612,612,This is comment 612 by user 612,14-02-2026 11:25,14-02-2026 11:25
613,613,613,This is comment 613 by user 613,14-02-2026 11:25,14-02-2026 11:25
614,614,614,This is comment 614 by user 614,14-02-2026 11:25,14-02-2026 11:25
615,615,615,This is comment 615 by user 615,14-02-2026 11:25,14-02-2026 11:25
616,616,616,This is comment 616 by user 616,14-02-2026 11:25,14-02-2026 11:25
617,617,617,This is comment 617 by user 617,14-02-2026 11:25,14-02-2026 11:25
618,618,618,This is comment 618 by user 618,14-02-2026 11:25,14-02-2026 11:25
619,619,619,This is comment 619 by user 619,14-02-2026 11:25,14-02-2026 11:25
620,620,620,This is comment 620 by user 620,14-02-2026 11:25,14-02-2026 11:25
621,621,621,This is comment 621 by user 621,14-02-2026 11:25,14-02-2026 11:25
622,622,622,This is comment 622 by user 622,14-02-2026 11:25,14-02-2026 11:25
623,623,623,This is comment 623 by user 623,14-02-2026 11:25,14-02-2026 11:25
624,624,624,This is comment 624 by user 624,14-02-2026 11:25,14-02-2026 11:25
625,625,625,This is comment 625 by user 625,14-02-2026 11:25,14-02-2026 11:25
626,626,626,This is comment 626 by user 626,14-02-2026 11:25,14-02-2026 11:25
627,627,627,This is comment 627 by user 627,14-02-2026 11:25,14-02-2026 11:25
628,628,628,This is comment 628 by user 628,14-02-2026 11:25,14-02-2026 11:25
629,629,629,This is comment 629 by user 629,14-02-2026 11:25,14-02-2026 11:25
630,630,630,This is comment 630 by user 630,14-02-2026 11:25,14-02-2026 11:25
631,631,631,This is comment 631 by user 631,14-02-2026 11:25,14-02-2026 11:25
632,632,632,This is comment 632 by user 632,14-02-2026 11:25,14-02-2026 11:25
633,633,633,This is comment 633 by user 633,14-02-2026 11:25,14-02-2026 11:25
634,634,634,This is comment 634 by user 634,14-02-2026 11:25,14-02-2026 11:25
635,635,635,This is comment 635 by user 635,14-02-2026 11:25,14-02-2026 11:25
636,636,636,This is comment 636 by user 636,14-02-2026 11:25,14-02-2026 11:25
637,637,637,This is comment 637 by user 637,14-02-2026 11:25,14-02-2026 11:25
638,638,638,This is comment 638 by user 638,14-02-2026 11:25,14-02-2026 11:25
639,639,639,This is comment 639 by user 639,14-02-2026 11:25,14-02-2026 11:25
640,640,640,This is comment 640 by user 640,14-02-2026 11:25,14-02-2026 11:25
641,641,641,This is comment 641 by user 641,14-02-2026 11:25,14-02-2026 11:25
642,642,642,This is comment 642 by user 642,14-02-2026 11:25,14-02-2026 11:25
643,643,643,This is comment 643 by user 643,14-02-2026 11:25,14-02-2026 11:25
644,644,644,This is comment 644 by user 644,14-02-2026 11:25,14-02-2026 11:25
645,645,645,This is comment 645 by user 645,14-02-2026 11:25,14-02-2026 11:25
646,646,646,This is comment 646 by user 646,14-02-2026 11:25,14-02-2026 11:25
647,647,647,This is comment 647 by user 647,14-02-2026 11:25,14-02-2026 11:25
648,648,648,This is comment 648 by user 648,14-02-2026 11:25,14-02-2026 11:25
649,649,649,This is comment 649 by user 649,14-02-2026 11:25,14-02-2026 11:25
650,650,650,This is comment 650 by user 650,14-02-2026 11:25,14-02-2026 11:25
651,651,651,This is comment 651 by user 651,14-02-2026 11:25,14-02-2026 11:25
652,652,652,This is comment 652 by user 652,14-02-2026 11:25,14-02-2026 11:25
653,653,653,This is comment 653 by user 653,14-02-2026 11:25,14-02-2026 11:25
654,654,654,This is comment 654 by user 654,14-02-2026 11:25,14-02-2026 11:25
655,655,655,This is comment 655 by user 655,14-02-2026 11:25,14-02-2026 11:25
656,656,656,This is comment 656 by user 656,14-02-2026 11:25,14-02-2026 11:25
657,657,657,This is comment 657 by user 657,14-02-2026 11:25,14-02-2026 11:25
658,658,658,This is comment 658 by user 658,14-02-2026 11:25,14-02-2026 11:25
659,659,659,This is comment 659 by user 659,14-02-2026 11:25,14-02-2026 11:25
660,660,660,This is comment 660 by user 660,14-02-2026 11:25,14-02-2026 11:25
661,661,661,This is comment 661 by user 661,14-02-2026 11:25,14-02-2026 11:25
662,662,662,This is comment 662 by user 662,14-02-2026 11:25,14-02-2026 11:25
663,663,663,This is comment 663 by user 663,14-02-2026 11:25,14-02-2026 11:25
664,664,664,This is comment 664 by user 664,14-02-2026 11:25,14-02-2026 11:25
665,665,665,This is comment 665 by user 665,14-02-2026 11:25,14-02-2026 11:25
666,666,666,This is comment 666 by user 666,14-02-2026 11:25,14-02-2026 11:25
667,667,667,This is comment 667 by user 667,14-02-2026 11:25,14-02-2026 11:25
668,668,668,This is comment 668 by user 668,14-02-2026 11:25,14-02-2026 11:25
669,669,669,This is comment 669 by user 669,14-02-2026 11:25,14-02-2026 11:25
670,670,670,This is comment 670 by user 670,14-02-2026 11:25,14-02-2026 11:25
671,671,671,This is comment 671 by user 671,14-02-2026 11:25,14-02-2026 11:25
672,672,672,This is comment 672 by user 672,14-02-2026 11:25,14-02-2026 11:25
673,673,673,This is comment 673 by user 673,14-02-2026 11:25,14-02-2026 11:25
674,674,674,This is comment 674 by user 674,14-02-2026 11:25,14-02-2026 11:25
675,675,675,This is comment 675 by user 675,14-02-2026 11:25,14-02-2026 11:25
676,676,676,This is comment 676 by user 676,14-02-2026 11:25,14-02-2026 11:25
677,677,677,This is comment 677 by user 677,14-02-2026 11:25,14-02-2026 11:25
678,678,678,This is comment 678 by user 678,14-02-2026 11:25,14-02-2026 11:25
679,679,679,This is comment 679 by user 679,14-02-2026 11:25,14-02-2026 11:25
680,680,680,This is comment 680 by user 680,14-02-2026 11:25,14-02-2026 11:25
681,681,681,This is comment 681 by user 681,14-02-2026 11:25,14-02-2026 11:25
682,682,682,This is comment 682 by user 682,14-02-2026 11:25,14-02-2026 11:25
683,683,683,This is comment 683 by user 683,14-02-2026 11:25,14-02-2026 11:25
684,684,684,This is comment 684 by user 684,14-02-2026 11:25,14-02-2026 11:25
685,685,685,This is comment 685 by user 685,14-02-2026 11:25,14-02-2026 11:25
686,686,686,This is comment 686 by user 686,14-02-2026 11:25,14-02-2026 11:25
687,687,687,This is comment 687 by user 687,14-02-2026 11:25,14-02-2026 11:25
688,688,688,This is comment 688 by user 688,14-02-2026 11:25,14-02-2026 11:25
689,689,689,This is comment 689 by user 689,14-02-2026 11:25,14-02-2026 11:25
690,690,690,This is comment 690 by user 690,14-02-2026 11:25,14-02-2026 11:25
691,691,691,This is comment 691 by user 691,14-02-2026 11:25,14-02-2026 11:25
692,692,692,This is comment 692 by user 692,14-02-2026 11:25,14-02-2026 11:25
693,693,693,This is comment 693 by user 693,14-02-2026 11:25,14-02-2026 11:25
694,694,694,This is comment 694 by user 694,14-02-2026 11:25,14-02-2026 11:25
695,695,695,This is comment 695 by user 695,14-02-2026 11:25,14-02-2026 11:25
696,696,696,This is comment 696 by user 696,14-02-2026 11:25,14-02-2026 11:25
697,697,697,This is comment 697 by user 697,14-02-2026 11:25,14-02-2026 11:25
698,698,698,This is comment 698 by user 698,14-02-2026 11:25,14-02-2026 11:25
699,699,699,This is comment 699 by user 699,14-02-2026 11:25,14-02-2026 11:25
700,700,700,This is comment 700 by user 700,14-02-2026 11:25,14-02-2026 11:25
701,701,701,This is comment 701 by user 701,14-02-2026 11:25,14-02-2026 11:25
702,702,702,This is comment 702 by user 702,14-02-2026 11:25,14-02-2026 11:25
703,703,703,This is comment 703 by user 703,14-02-2026 11:25,14-02-2026 11:25
704,704,704,This is comment 704 by user 704,14-02-2026 11:25,14-02-2026 11:25
705,705,705,This is comment 705 by user 705,14-02-2026 11:25,14-02-2026 11:25
706,706,706,This is comment 706 by user 706,14-02-2026 11:25,14-02-2026 11:25
707,707,707,This is comment 707 by user 707,14-02-2026 11:25,14-02-2026 11:25
708,708,708,This is comment 708 by user 708,14-02-2026 11:25,14-02-2026 11:25
709,709,709,This is comment 709 by user 709,14-02-2026 11:25,14-02-2026 11:25
710,710,710,This is comment 710 by user 710,14-02-2026 11:25,14-02-2026 11:25
711,711,711,This is comment 711 by user 711,14-02-2026 11:25,14-02-2026 11:25
712,712,712,This is comment 712 by user 712,14-02-2026 11:25,14-02-2026 11:25
713,713,713,This is comment 713 by user 713,14-02-2026 11:25,14-02-2026 11:25
714,714,714,This is comment 714 by user 714,14-02-2026 11:25,14-02-2026 11:25
715,715,715,This is comment 715 by user 715,14-02-2026 11:25,14-02-2026 11:25
716,716,716,This is comment 716 by user 716,14-02-2026 11:25,14-02-2026 11:25
717,717,717,This is comment 717 by user 717,14-02-2026 11:25,14-02-2026 11:25
718,718,718,This is comment 718 by user 718,14-02-2026 11:25,14-02-2026 11:25
719,719,719,This is comment 719 by user 719,14-02-2026 11:25,14-02-2026 11:25
720,720,720,This is comment 720 by user 720,14-02-2026 11:25,14-02-2026 11:25
721,721,721,This is comment 721 by user 721,14-02-2026 11:25,14-02-2026 11:25
722,722,722,This is comment 722 by user 722,14-02-2026 11:25,14-02-2026 11:25
723,723,723,This is comment 723 by user 723,14-02-2026 11:25,14-02-2026 11:25
724,724,724,This is comment 724 by user 724,14-02-2026 11:25,14-02-2026 11:25
725,725,725,This is comment 725 by user 725,14-02-2026 11:25,14-02-2026 11:25
726,726,726,This is comment 726 by user 726,14-02-2026 11:25,14-02-2026 11:25
727,727,727,This is comment 727 by user 727,14-02-2026 11:25,14-02-2026 11:25
728,728,728,This is comment 728 by user 728,14-02-2026 11:25,14-02-2026 11:25
729,729,729,This is comment 729 by user 729,14-02-2026 11:25,14-02-2026 11:25
730,730,730,This is comment 730 by user 730,14-02-2026 11:25,14-02-2026 11:25
731,731,731,This is comment 731 by user 731,14-02-2026 11:25,14-02-2026 11:25
732,732,732,This is comment 732 by user 732,14-02-2026 11:25,14-02-2026 11:25
733,733,733,This is comment 733 by user 733,14-02-2026 11:25,14-02-2026 11:25
734,734,734,This is comment 734 by user 734,14-02-2026 11:25,14-02-2026 11:25
735,735,735,This is comment 735 by user 735,14-02-2026 11:25,14-02-2026 11:25
736,736,736,This is comment 736 by user 736,14-02-2026 11:25,14-02-2026 11:25
737,737,737,This is comment 737 by user 737,14-02-2026 11:25,14-02-2026 11:25
738,738,738,This is comment 738 by user 738,14-02-2026 11:25,14-02-2026 11:25
739,739,739,This is comment 739 by user 739,14-02-2026 11:25,14-02-2026 11:25
740,740,740,This is comment 740 by user 740,14-02-2026 11:25,14-02-2026 11:25
741,741,741,This is comment 741 by user 741,14-02-2026 11:25,14-02-2026 11:25
742,742,742,This is comment 742 by user 742,14-02-2026 11:25,14-02-2026 11:25
743,743,743,This is comment 743 by user 743,14-02-2026 11:25,14-02-2026 11:25
744,744,744,This is comment 744 by user 744,14-02-2026 11:25,14-02-2026 11:25
745,745,745,This is comment 745 by user 745,14-02-2026 11:25,14-02-2026 11:25
746,746,746,This is comment 746 by user 746,14-02-2026 11:25,14-02-2026 11:25
747,747,747,This is comment 747 by user 747,14-02-2026 11:25,14-02-2026 11:25
748,748,748,This is comment 748 by user 748,14-02-2026 11:25,14-02-2026 11:25
749,749,749,This is comment 749 by user 749,14-02-2026 11:25,14-02-2026 11:25
750,750,750,This is comment 750 by user 750,14-02-2026 11:25,14-02-2026 11:25
751,751,751,This is comment 751 by user 751,14-02-2026 11:25,14-02-2026 11:25
752,752,752,This is comment 752 by user 752,14-02-2026 11:25,14-02-2026 11:25
753,753,753,This is comment 753 by user 753,14-02-2026 11:25,14-02-2026 11:25
754,754,754,This is comment 754 by user 754,14-02-2026 11:25,14-02-2026 11:25
755,755,755,This is comment 755 by user 755,14-02-2026 11:25,14-02-2026 11:25
756,756,756,This is comment 756 by user 756,14-02-2026 11:25,14-02-2026 11:25
757,757,757,This is comment 757 by user 757,14-02-2026 11:25,14-02-2026 11:25
758,758,758,This is comment 758 by user 758,14-02-2026 11:25,14-02-2026 11:25
759,759,759,This is comment 759 by user 759,14-02-2026 11:25,14-02-2026 11:25
760,760,760,This is comment 760 by user 760,14-02-2026 11:25,14-02-2026 11:25
761,761,761,This is comment 761 by user 761,14-02-2026 11:25,14-02-2026 11:25
762,762,762,This is comment 762 by user 762,14-02-2026 11:25,14-02-2026 11:25
763,763,763,This is comment 763 by user 763,14-02-2026 11:25,14-02-2026 11:25
764,764,764,This is comment 764 by user 764,14-02-2026 11:25,14-02-2026 11:25
765,765,765,This is comment 765 by user 765,14-02-2026 11:25,14-02-2026 11:25
766,766,766,This is comment 766 by user 766,14-02-2026 11:25,14-02-2026 11:25
767,767,767,This is comment 767 by user 767,14-02-2026 11:25,14-02-2026 11:25
768,768,768,This is comment 768 by user 768,14-02-2026 11:25,14-02-2026 11:25
769,769,769,This is comment 769 by user 769,14-02-2026 11:25,14-02-2026 11:25
770,770,770,This is comment 770 by user 770,14-02-2026 11:25,14-02-2026 11:25
771,771,771,This is comment 771 by user 771,14-02-2026 11:25,14-02-2026 11:25
772,772,772,This is comment 772 by user 772,14-02-2026 11:25,14-02-2026 11:25
773,773,773,This is comment 773 by user 773,14-02-2026 11:25,14-02-2026 11:25
774,774,774,This is comment 774 by user 774,14-02-2026 11:25,14-02-2026 11:25
775,775,775,This is comment 775 by user 775,14-02-2026 11:25,14-02-2026 11:25
776,776,776,This is comment 776 by user 776,14-02-2026 11:25,14-02-2026 11:25
777,777,777,This is comment 777 by user 777,14-02-2026 11:25,14-02-2026 11:25
778,778,778,This is comment 778 by user 778,14-02-2026 11:25,14-02-2026 11:25
779,779,779,This is comment 779 by user 779,14-02-2026 11:25,14-02-2026 11:25
780,780,780,This is comment 780 by user 780,14-02-2026 11:25,14-02-2026 11:25
781,781,781,This is comment 781 by user 781,14-02-2026 11:25,14-02-2026 11:25
782,782,782,This is comment 782 by user 782,14-02-2026 11:25,14-02-2026 11:25
783,783,783,This is comment 783 by user 783,14-02-2026 11:25,14-02-2026 11:25
784,784,784,This is comment 784 by user 784,14-02-2026 11:25,14-02-2026 11:25
785,785,785,This is comment 785 by user 785,14-02-2026 11:25,14-02-2026 11:25
786,786,786,This is comment 786 by user 786,14-02-2026 11:25,14-02-2026 11:25
787,787,787,This is comment 787 by user 787,14-02-2026 11:25,14-02-2026 11:25
788,788,788,This is comment 788 by user 788,14-02-2026 11:25,14-02-2026 11:25
789,789,789,This is comment 789 by user 789,14-02-2026 11:25,14-02-2026 11:25
790,790,790,This is comment 790 by user 790,14-02-2026 11:25,14-02-2026 11:25
791,791,791,This is comment 791 by user 791,14-02-2026 11:25,14-02-2026 11:25
792,792,792,This is comment 792 by user 792,14-02-2026 11:25,14-02-2026 11:25
793,793,793,This is comment 793 by user 793,14-02-2026 11:25,14-02-2026 11:25
794,794,794,This is comment 794 by user 794,14-02-2026 11:25,14-02-2026 11:25
795,795,795,This is comment 795 by user 795,14-02-2026 11:25,14-02-2026 11:25
796,796,796,This is comment 796 by user 796,14-02-2026 11:25,14-02-2026 11:25
797,797,797,This is comment 797 by user 797,14-02-2026 11:25,14-02-2026 11:25
798,798,798,This is comment 798 by user 798,14-02-2026 11:25,14-02-2026 11:25
799,799,799,This is comment 799 by user 799,14-02-2026 11:25,14-02-2026 11:25
800,800,800,This is comment 800 by user 800,14-02-2026 11:25,14-02-2026 11:25
801,801,801,This is comment 801 by user 801,14-02-2026 11:25,14-02-2026 11:25
802,802,802,This is comment 802 by user 802,14-02-2026 11:25,14-02-2026 11:25
803,803,803,This is comment 803 by user 803,14-02-2026 11:25,14-02-2026 11:25
804,804,804,This is comment 804 by user 804,14-02-2026 11:25,14-02-2026 11:25
805,805,805,This is comment 805 by user 805,14-02-2026 11:25,14-02-2026 11:25
806,806,806,This is comment 806 by user 806,14-02-2026 11:25,14-02-2026 11:25
807,807,807,This is comment 807 by user 807,14-02-2026 11:25,14-02-2026 11:25
808,808,808,This is comment 808 by user 808,14-02-2026 11:25,14-02-2026 11:25
809,809,809,This is comment 809 by user 809,14-02-2026 11:25,14-02-2026 11:25
810,810,810,This is comment 810 by user 810,14-02-2026 11:25,14-02-2026 11:25
811,811,811,This is comment 811 by user 811,14-02-2026 11:25,14-02-2026 11:25
812,812,812,This is comment 812 by user 812,14-02-2026 11:25,14-02-2026 11:25
813,813,813,This is comment 813 by user 813,14-02-2026 11:25,14-02-2026 11:25
814,814,814,This is comment 814 by user 814,14-02-2026 11:25,14-02-2026 11:25
815,815,815,This is comment 815 by user 815,14-02-2026 11:25,14-02-2026 11:25
816,816,816,This is comment 816 by user 816,14-02-2026 11:25,14-02-2026 11:25
817,817,817,This is comment 817 by user 817,14-02-2026 11:25,14-02-2026 11:25
818,818,818,This is comment 818 by user 818,14-02-2026 11:25,14-02-2026 11:25
819,819,819,This is comment 819 by user 819,14-02-2026 11:25,14-02-2026 11:25
820,820,820,This is comment 820 by user 820,14-02-2026 11:25,14-02-2026 11:25
821,821,821,This is comment 821 by user 821,14-02-2026 11:25,14-02-2026 11:25
822,822,822,This is comment 822 by user 822,14-02-2026 11:25,14-02-2026 11:25
823,823,823,This is comment 823 by user 823,14-02-2026 11:25,14-02-2026 11:25
824,824,824,This is comment 824 by user 824,14-02-2026 11:25,14-02-2026 11:25
825,825,825,This is comment 825 by user 825,14-02-2026 11:25,14-02-2026 11:25
826,826,826,This is comment 826 by user 826,14-02-2026 11:25,14-02-2026 11:25
827,827,827,This is comment 827 by user 827,14-02-2026 11:25,14-02-2026 11:25
828,828,828,This is comment 828 by user 828,14-02-2026 11:25,14-02-2026 11:25
829,829,829,This is comment 829 by user 829,14-02-2026 11:25,14-02-2026 11:25
830,830,830,This is comment 830 by user 830,14-02-2026 11:25,14-02-2026 11:25
831,831,831,This is comment 831 by user 831,14-02-2026 11:25,14-02-2026 11:25
832,832,832,This is comment 832 by user 832,14-02-2026 11:25,14-02-2026 11:25
833,833,833,This is comment 833 by user 833,14-02-2026 11:25,14-02-2026 11:25
834,834,834,This is comment 834 by user 834,14-02-2026 11:25,14-02-2026 11:25
835,835,835,This is comment 835 by user 835,14-02-2026 11:25,14-02-2026 11:25
836,836,836,This is comment 836 by user 836,14-02-2026 11:25,14-02-2026 11:25
837,837,837,This is comment 837 by user 837,14-02-2026 11:25,14-02-2026 11:25
838,838,838,This is comment 838 by user 838,14-02-2026 11:25,14-02-2026 11:25
839,839,839,This is comment 839 by user 839,14-02-2026 11:25,14-02-2026 11:25
840,840,840,This is comment 840 by user 840,14-02-2026 11:25,14-02-2026 11:25
841,841,841,This is comment 841 by user 841,14-02-2026 11:25,14-02-2026 11:25
842,842,842,This is comment 842 by user 842,14-02-2026 11:25,14-02-2026 11:25
843,843,843,This is comment 843 by user 843,14-02-2026 11:25,14-02-2026 11:25
844,844,844,This is comment 844 by user 844,14-02-2026 11:25,14-02-2026 11:25
845,845,845,This is comment 845 by user 845,14-02-2026 11:25,14-02-2026 11:25
846,846,846,This is comment 846 by user 846,14-02-2026 11:25,14-02-2026 11:25
847,847,847,This is comment 847 by user 847,14-02-2026 11:25,14-02-2026 11:25
848,848,848,This is comment 848 by user 848,14-02-2026 11:25,14-02-2026 11:25
849,849,849,This is comment 849 by user 849,14-02-2026 11:25,14-02-2026 11:25
850,850,850,This is comment 850 by user 850,14-02-2026 11:25,14-02-2026 11:25
851,851,851,This is comment 851 by user 851,14-02-2026 11:25,14-02-2026 11:25
852,852,852,This is comment 852 by user 852,14-02-2026 11:25,14-02-2026 11:25
853,853,853,This is comment 853 by user 853,14-02-2026 11:25,14-02-2026 11:25
854,854,854,This is comment 854 by user 854,14-02-2026 11:25,14-02-2026 11:25
855,855,855,This is comment 855 by user 855,14-02-2026 11:25,14-02-2026 11:25
856,856,856,This is comment 856 by user 856,14-02-2026 11:25,14-02-2026 11:25
857,857,857,This is comment 857 by user 857,14-02-2026 11:25,14-02-2026 11:25
858,858,858,This is comment 858 by user 858,14-02-2026 11:25,14-02-2026 11:25
859,859,859,This is comment 859 by user 859,14-02-2026 11:25,14-02-2026 11:25
860,860,860,This is comment 860 by user 860,14-02-2026 11:25,14-02-2026 11:25
861,861,861,This is comment 861 by user 861,14-02-2026 11:25,14-02-2026 11:25
862,862,862,This is comment 862 by user 862,14-02-2026 11:25,14-02-2026 11:25
863,863,863,This is comment 863 by user 863,14-02-2026 11:25,14-02-2026 11:25
864,864,864,This is comment 864 by user 864,14-02-2026 11:25,14-02-2026 11:25
865,865,865,This is comment 865 by user 865,14-02-2026 11:25,14-02-2026 11:25
866,866,866,This is comment 866 by user 866,14-02-2026 11:25,14-02-2026 11:25
867,867,867,This is comment 867 by user 867,14-02-2026 11:25,14-02-2026 11:25
868,868,868,This is comment 868 by user 868,14-02-2026 11:25,14-02-2026 11:25
869,869,869,This is comment 869 by user 869,14-02-2026 11:25,14-02-2026 11:25
870,870,870,This is comment 870 by user 870,14-02-2026 11:25,14-02-2026 11:25
871,871,871,This is comment 871 by user 871,14-02-2026 11:25,14-02-2026 11:25
872,872,872,This is comment 872 by user 872,14-02-2026 11:25,14-02-2026 11:25
873,873,873,This is comment 873 by user 873,14-02-2026 11:25,14-02-2026 11:25
874,874,874,This is comment 874 by user 874,14-02-2026 11:25,14-02-2026 11:25
875,875,875,This is comment 875 by user 875,14-02-2026 11:25,14-02-2026 11:25
876,876,876,This is comment 876 by user 876,14-02-2026 11:25,14-02-2026 11:25
877,877,877,This is comment 877 by user 877,14-02-2026 11:25,14-02-2026 11:25
878,878,878,This is comment 878 by user 878,14-02-2026 11:25,14-02-2026 11:25
879,879,879,This is comment 879 by user 879,14-02-2026 11:25,14-02-2026 11:25
880,880,880,This is comment 880 by user 880,14-02-2026 11:25,14-02-2026 11:25
881,881,881,This is comment 881 by user 881,14-02-2026 11:25,14-02-2026 11:25
882,882,882,This is comment 882 by user 882,14-02-2026 11:25,14-02-2026 11:25
883,883,883,This is comment 883 by user 883,14-02-2026 11:25,14-02-2026 11:25
884,884,884,This is comment 884 by user 884,14-02-2026 11:25,14-02-2026 11:25
885,885,885,This is comment 885 by user 885,14-02-2026 11:25,14-02-2026 11:25
886,886,886,This is comment 886 by user 886,14-02-2026 11:25,14-02-2026 11:25
887,887,887,This is comment 887 by user 887,14-02-2026 11:25,14-02-2026 11:25
888,888,888,This is comment 888 by user 888,14-02-2026 11:25,14-02-2026 11:25
889,889,889,This is comment 889 by user 889,14-02-2026 11:25,14-02-2026 11:25
890,890,890,This is comment 890 by user 890,14-02-2026 11:25,14-02-2026 11:25
891,891,891,This is comment 891 by user 891,14-02-2026 11:25,14-02-2026 11:25
892,892,892,This is comment 892 by user 892,14-02-2026 11:25,14-02-2026 11:25
893,893,893,This is comment 893 by user 893,14-02-2026 11:25,14-02-2026 11:25
894,894,894,This is comment 894 by user 894,14-02-2026 11:25,14-02-2026 11:25
895,895,895,This is comment 895 by user 895,14-02-2026 11:25,14-02-2026 11:25
896,896,896,This is comment 896 by user 896,14-02-2026 11:25,14-02-2026 11:25
897,897,897,This is comment 897 by user 897,14-02-2026 11:25,14-02-2026 11:25
898,898,898,This is comment 898 by user 898,14-02-2026 11:25,14-02-2026 11:25
899,899,899,This is comment 899 by user 899,14-02-2026 11:25,14-02-2026 11:25
900,900,900,This is comment 900 by user 900,14-02-2026 11:25,14-02-2026 11:25
901,901,901,This is comment 901 by user 901,14-02-2026 11:25,14-02-2026 11:25
902,902,902,This is comment 902 by user 902,14-02-2026 11:25,14-02-2026 11:25
903,903,903,This is comment 903 by user 903,14-02-2026 11:25,14-02-2026 11:25
904,904,904,This is comment 904 by user 904,14-02-2026 11:25,14-02-2026 11:25
905,905,905,This is comment 905 by user 905,14-02-2026 11:25,14-02-2026 11:25
906,906,906,This is comment 906 by user 906,14-02-2026 11:25,14-02-2026 11:25
907,907,907,This is comment 907 by user 907,14-02-2026 11:25,14-02-2026 11:25
908,908,908,This is comment 908 by user 908,14-02-2026 11:25,14-02-2026 11:25
909,909,909,This is comment 909 by user 909,14-02-2026 11:25,14-02-2026 11:25
910,910,910,This is comment 910 by user 910,14-02-2026 11:25,14-02-2026 11:25
911,911,911,This is comment 911 by user 911,14-02-2026 11:25,14-02-2026 11:25
912,912,912,This is comment 912 by user 912,14-02-2026 11:25,14-02-2026 11:25
913,913,913,This is comment 913 by user 913,14-02-2026 11:25,14-02-2026 11:25
914,914,914,This is comment 914 by user 914,14-02-2026 11:25,14-02-2026 11:25
915,915,915,This is comment 915 by user 915,14-02-2026 11:25,14-02-2026 11:25
916,916,916,This is comment 916 by user 916,14-02-2026 11:25,14-02-2026 11:25
917,917,917,This is comment 917 by user 917,14-02-2026 11:25,14-02-2026 11:25
918,918,918,This is comment 918 by user 918,14-02-2026 11:25,14-02-2026 11:25
919,919,919,This is comment 919 by user 919,14-02-2026 11:25,14-02-2026 11:25
920,920,920,This is comment 920 by user 920,14-02-2026 11:25,14-02-2026 11:25
921,921,921,This is comment 921 by user 921,14-02-2026 11:25,14-02-2026 11:25
922,922,922,This is comment 922 by user 922,14-02-2026 11:25,14-02-2026 11:25
923,923,923,This is comment 923 by user 923,14-02-2026 11:25,14-02-2026 11:25
924,924,924,This is comment 924 by user 924,14-02-2026 11:25,14-02-2026 11:25
925,925,925,This is comment 925 by user 925,14-02-2026 11:25,14-02-2026 11:25
926,926,926,This is comment 926 by user 926,14-02-2026 11:25,14-02-2026 11:25
927,927,927,This is comment 927 by user 927,14-02-2026 11:25,14-02-2026 11:25
928,928,928,This is comment 928 by user 928,14-02-2026 11:25,14-02-2026 11:25
929,929,929,This is comment 929 by user 929,14-02-2026 11:25,14-02-2026 11:25
930,930,930,This is comment 930 by user 930,14-02-2026 11:25,14-02-2026 11:25
931,931,931,This is comment 931 by user 931,14-02-2026 11:25,14-02-2026 11:25
932,932,932,This is comment 932 by user 932,14-02-2026 11:25,14-02-2026 11:25
933,933,933,This is comment 933 by user 933,14-02-2026 11:25,14-02-2026 11:25
934,934,934,This is comment 934 by user 934,14-02-2026 11:25,14-02-2026 11:25
935,935,935,This is comment 935 by user 935,14-02-2026 11:25,14-02-2026 11:25
936,936,936,This is comment 936 by user 936,14-02-2026 11:25,14-02-2026 11:25
937,937,937,This is comment 937 by user 937,14-02-2026 11:25,14-02-2026 11:25
938,938,938,This is comment 938 by user 938,14-02-2026 11:25,14-02-2026 11:25
939,939,939,This is comment 939 by user 939,14-02-2026 11:25,14-02-2026 11:25
940,940,940,This is comment 940 by user 940,14-02-2026 11:25,14-02-2026 11:25
941,941,941,This is comment 941 by user 941,14-02-2026 11:25,14-02-2026 11:25
942,942,942,This is comment 942 by user 942,14-02-2026 11:25,14-02-2026 11:25
943,943,943,This is comment 943 by user 943,14-02-2026 11:25,14-02-2026 11:25
944,944,944,This is comment 944 by user 944,14-02-2026 11:25,14-02-2026 11:25
945,945,945,This is comment 945 by user 945,14-02-2026 11:25,14-02-2026 11:25
946,946,946,This is comment 946 by user 946,14-02-2026 11:25,14-02-2026 11:25
947,947,947,This is comment 947 by user 947,14-02-2026 11:25,14-02-2026 11:25
948,948,948,This is comment 948 by user 948,14-02-2026 11:25,14-02-2026 11:25
949,949,949,This is comment 949 by user 949,14-02-2026 11:25,14-02-2026 11:25
950,950,950,This is comment 950 by user 950,14-02-2026 11:25,14-02-2026 11:25
951,951,951,This is comment 951 by user 951,14-02-2026 11:25,14-02-2026 11:25
952,952,952,This is comment 952 by user 952,14-02-2026 11:25,14-02-2026 11:25
953,953,953,This is comment 953 by user 953,14-02-2026 11:25,14-02-2026 11:25
954,954,954,This is comment 954 by user 954,14-02-2026 11:25,14-02-2026 11:25
955,955,955,This is comment 955 by user 955,14-02-2026 11:25,14-02-2026 11:25
956,956,956,This is comment 956 by user 956,14-02-2026 11:25,14-02-2026 11:25
957,957,957,This is comment 957 by user 957,14-02-2026 11:25,14-02-2026 11:25
958,958,958,This is comment 958 by user 958,14-02-2026 11:25,14-02-2026 11:25
959,959,959,This is comment 959 by user 959,14-02-2026 11:25,14-02-2026 11:25
960,960,960,This is comment 960 by user 960,14-02-2026 11:25,14-02-2026 11:25
961,961,961,This is comment 961 by user 961,14-02-2026 11:25,14-02-2026 11:25
962,962,962,This is comment 962 by user 962,14-02-2026 11:25,14-02-2026 11:25
963,963,963,This is comment 963 by user 963,14-02-2026 11:25,14-02-2026 11:25
964,964,964,This is comment 964 by user 964,14-02-2026 11:25,14-02-2026 11:25
965,965,965,This is comment 965 by user 965,14-02-2026 11:25,14-02-2026 11:25
966,966,966,This is comment 966 by user 966,14-02-2026 11:25,14-02-2026 11:25
967,967,967,This is comment 967 by user 967,14-02-2026 11:25,14-02-2026 11:25
968,968,968,This is comment 968 by user 968,14-02-2026 11:25,14-02-2026 11:25
969,969,969,This is comment 969 by user 969,14-02-2026 11:25,14-02-2026 11:25
970,970,970,This is comment 970 by user 970,14-02-2026 11:25,14-02-2026 11:25
971,971,971,This is comment 971 by user 971,14-02-2026 11:25,14-02-2026 11:25
972,972,972,This is comment 972 by user 972,14-02-2026 11:25,14-02-2026 11:25
973,973,973,This is comment 973 by user 973,14-02-2026 11:25,14-02-2026 11:25
974,974,974,This is comment 974 by user 974,14-02-2026 11:25,14-02-2026 11:25
975,975,975,This is comment 975 by user 975,14-02-2026 11:25,14-02-2026 11:25
976,976,976,This is comment 976 by user 976,14-02-2026 11:25,14-02-2026 11:25
977,977,977,This is comment 977 by user 977,14-02-2026 11:25,14-02-2026 11:25
978,978,978,This is comment 978 by user 978,14-02-2026 11:25,14-02-2026 11:25
979,979,979,This is comment 979 by user 979,14-02-2026 11:25,14-02-2026 11:25
980,980,980,This is comment 980 by user 980,14-02-2026 11:25,14-02-2026 11:25
981,981,981,This is comment 981 by user 981,14-02-2026 11:25,14-02-2026 11:25
982,982,982,This is comment 982 by user 982,14-02-2026 11:25,14-02-2026 11:25
983,983,983,This is comment 983 by user 983,14-02-2026 11:25,14-02-2026 11:25
984,984,984,This is comment 984 by user 984,14-02-2026 11:25,14-02-2026 11:25
985,985,985,This is comment 985 by user 985,14-02-2026 11:25,14-02-2026 11:25
986,986,986,This is comment 986 by user 986,14-02-2026 11:25,14-02-2026 11:25
987,987,987,This is comment 987 by user 987,14-02-2026 11:25,14-02-2026 11:25
988,988,988,This is comment 988 by user 988,14-02-2026 11:25,14-02-2026 11:25
989,989,989,This is comment 989 by user 989,14-02-2026 11:25,14-02-2026 11:25
990,990,990,This is comment 990 by user 990,14-02-2026 11:25,14-02-2026 11:25
991,991,991,This is comment 991 by user 991,14-02-2026 11:25,14-02-2026 11:25
992,992,992,This is comment 992 by user 992,14-02-2026 11:25,14-02-2026 11:25
993,993,993,This is comment 993 by user 993,14-02-2026 11:25,14-02-2026 11:25
994,994,994,This is comment 994 by user 994,14-02-2026 11:25,14-02-2026 11:25
995,995,995,This is comment 995 by user 995,14-02-2026 11:25,14-02-2026 11:25
996,996,996,This is comment 996 by user 996,14-02-2026 11:25,14-02-2026 11:25
997,997,997,This is comment 997 by user 997,14-02-2026 11:25,14-02-2026 11:25
998,998,998,This is comment 998 by user 998,14-02-2026 11:25,14-02-2026 11:25
999,999,999,This is comment 999 by user 999,14-02-2026 11:25,14-02-2026 11:25
1000,1000,1000,This is comment 1000 by user 1000,14-02-2026 11:25,14-02-2026 11:25
